region,year,production,temp,rain
Алтайский край,2006,3518000.0,-1.9087557,7239684.5
Алтайский край,2007,4698310.0,-0.49195853,7451264.0
Алтайский край,2008,3857490.0,-0.84385645,7355052.0
Алтайский край,2009,5627844.999999999,-1.9351369,6995376.5
Алтайский край,2010,4240800.0,-2.0153794,7153761.0
Алтайский край,2011,3919500.0,-1.0723796,6894304.5
Алтайский край,2012,2516800.0,-1.4247705,7140261.0
Алтайский край,2013,4926100.0,-1.2187916,7337171.5
Алтайский край,2014,3294900.0,-1.4437773,7092941.0
Алтайский край,2015,3940400.0,-0.69652283,7325095.0
Алтайский край,2016,4829700.0,-0.78395724,7326448.0
Алтайский край,2017,4975500.0,-0.7078007,7366581.5
Алтайский край,2018,5010700.0,-1.1319901,7061673.5
Алтайский край,2019,4591700.0,-0.5274461,7289428.5
Алтайский край,2020,3951100.0,0.5139246,7293646.0
Алтайский край,2021,5577400.0,-1.2903502,7320562.0
Алтайский край,2022,5648400.0,-0.53778017,6166387.5
Алтайский край,2023,4500000.0,-0.5185255,3924516.2
Амурская область,2006,233690.0,-1.9087557,7239684.5
Амурская область,2007,361930.0,-0.49195853,7451264.0
Амурская область,2008,272770.0,-0.84385645,7355052.0
Амурская область,2009,337801.8,-1.9351369,6995376.5
Амурская область,2010,130400.0,-2.0153794,7153761.0
Амурская область,2011,338200.0,-1.0723796,6894304.5
Амурская область,2012,271400.0,-1.4247705,7140261.0
Амурская область,2013,172300.0,-1.2187916,7337171.5
Амурская область,2014,417700.0,-1.4437773,7092941.0
Амурская область,2015,351000.0,-0.69652283,7325095.0
Амурская область,2016,474700.0,-0.78395724,7326448.0
Амурская область,2017,395100.0,-0.7078007,7366581.5
Амурская область,2018,360300.0,-1.1319901,7061673.5
Амурская область,2019,361900.0,-0.5274461,7289428.5
Амурская область,2020,418300.0,0.5139246,7293646.0
Амурская область,2021,426000.0,-1.2903502,7320562.0
Амурская область,2022,446800.0,-0.53778017,6166387.5
Амурская область,2023,616300.0,-0.5185255,3924516.2
Архангельская область,2006,3700.0,-1.9087557,7239684.5
Архангельская область,2007,5460.0,-0.49195853,7451264.0
Архангельская область,2008,2460.0,-0.84385645,7355052.0
Архангельская область,2009,3046.2,-1.9351369,6995376.5
Архангельская область,2010,3400.0,-2.0153794,7153761.0
Архангельская область,2011,7100.0,-1.0723796,6894304.5
Архангельская область,2012,3700.0,-1.4247705,7140261.0
Архангельская область,2013,3600.0,-1.2187916,7337171.5
Архангельская область,2014,5600.0,-1.4437773,7092941.0
Архангельская область,2015,5100.0,-0.69652283,7325095.0
Архангельская область,2016,4600.0,-0.78395724,7326448.0
Астраханская область,2006,38980.00000000001,-1.9087557,7239684.5
Астраханская область,2007,29630.0,-0.49195853,7451264.0
Астраханская область,2008,40180.0,-0.84385645,7355052.0
Астраханская область,2009,48073.4,-1.9351369,6995376.5
Астраханская область,2010,43600.0,-2.0153794,7153761.0
Астраханская область,2011,45600.0,-1.0723796,6894304.5
Астраханская область,2012,31800.0,-1.4247705,7140261.0
Астраханская область,2013,25300.0,-1.2187916,7337171.5
Астраханская область,2014,28800.0,-1.4437773,7092941.0
Астраханская область,2015,30800.0,-0.69652283,7325095.0
Астраханская область,2016,29200.0,-0.78395724,7326448.0
Астраханская область,2017,38800.0,-0.7078007,7366581.5
Астраханская область,2018,35400.0,-1.1319901,7061673.5
Астраханская область,2019,40900.0,-0.5274461,7289428.5
Астраханская область,2020,46800.0,0.5139246,7293646.0
Астраханская область,2021,63000.0,-1.2903502,7320562.0
Белгородская область,2006,1645900.0,-1.9087557,7239684.5
Белгородская область,2007,1924230.0,-0.49195853,7451264.0
Белгородская область,2008,3262910.0,-0.84385645,7355052.0
Белгородская область,2009,2384703.9,-1.9351369,6995376.5
Белгородская область,2010,1031800.0,-2.0153794,7153761.0
Белгородская область,2011,2354000.0,-1.0723796,6894304.5
Белгородская область,2012,2498400.0,-1.4247705,7140261.0
Белгородская область,2013,3015000.0,-1.2187916,7337171.5
Белгородская область,2014,3524800.0,-1.4437773,7092941.0
Белгородская область,2015,3129700.0,-0.69652283,7325095.0
Белгородская область,2016,3505600.0,-0.78395724,7326448.0
Белгородская область,2017,3584800.0,-0.7078007,7366581.5
Белгородская область,2018,3385800.0,-1.1319901,7061673.5
Белгородская область,2019,3473100.0,-0.5274461,7289428.5
Белгородская область,2020,3907600.0,0.5139246,7293646.0
Белгородская область,2021,3063700.0,-1.2903502,7320562.0
Белгородская область,2022,4086500.0,-0.53778017,6166387.5
Белгородская область,2023,3656200.0,-0.5185255,3924516.2
Брянская область,2006,340370.0,-1.9087557,7239684.5
Брянская область,2007,429900.0,-0.49195853,7451264.0
Брянская область,2008,552020.0,-0.84385645,7355052.0
Брянская область,2009,608740.0,-1.9351369,6995376.5
Брянская область,2010,381100.0,-2.0153794,7153761.0
Брянская область,2011,539200.0,-1.0723796,6894304.5
Брянская область,2012,585800.0,-1.4247705,7140261.0
Брянская область,2013,672800.0,-1.2187916,7337171.5
Брянская область,2014,893800.0,-1.4437773,7092941.0
Брянская область,2015,932400.0,-0.69652283,7325095.0
Брянская область,2016,1439100.0,-0.78395724,7326448.0
Брянская область,2017,1710200.0,-0.7078007,7366581.5
Брянская область,2018,1694900.0,-1.1319901,7061673.5
Брянская область,2019,1701100.0,-0.5274461,7289428.5
Брянская область,2020,2020700.0,0.5139246,7293646.0
Брянская область,2021,1990400.0,-1.2903502,7320562.0
Брянская область,2022,1876500.0,-0.53778017,6166387.5
Брянская область,2023,2078900.0,-0.5185255,3924516.2
Владимирская область,2006,166630.0,-1.9087557,7239684.5
Владимирская область,2007,173490.0,-0.49195853,7451264.0
Владимирская область,2008,178040.0,-0.84385645,7355052.0
Владимирская область,2009,194288.6,-1.9351369,6995376.5
Владимирская область,2010,110200.0,-2.0153794,7153761.0
Владимирская область,2011,164100.0,-1.0723796,6894304.5
Владимирская область,2012,179800.0,-1.4247705,7140261.0
Владимирская область,2013,106200.0,-1.2187916,7337171.5
Владимирская область,2014,188500.0,-1.4437773,7092941.0
Владимирская область,2015,217900.0,-0.69652283,7325095.0
Владимирская область,2016,203300.0,-0.78395724,7326448.0
Владимирская область,2017,222400.0,-0.7078007,7366581.5
Владимирская область,2018,165600.0,-1.1319901,7061673.5
Владимирская область,2019,174300.0,-0.5274461,7289428.5
Владимирская область,2020,249400.0,0.5139246,7293646.0
Владимирская область,2021,178600.0,-1.2903502,7320562.0
Владимирская область,2022,216400.0,-0.53778017,6166387.5
Владимирская область,2023,295100.0,-0.5185255,3924516.2
Волгоградская область,2006,3334740.0000000005,-1.9087557,7239684.5
Волгоградская область,2007,2773930.0,-0.49195853,7451264.0
Волгоградская область,2008,5183180.0,-0.84385645,7355052.0
Волгоградская область,2009,3317109.7,-1.9351369,6995376.5
Волгоградская область,2010,1498700.0,-2.0153794,7153761.0
Волгоградская область,2011,2674900.0,-1.0723796,6894304.5
Волгоградская область,2012,2422700.0,-1.4247705,7140261.0
Волгоградская область,2013,3088500.0,-1.2187916,7337171.5
Волгоградская область,2014,3913800.0,-1.4437773,7092941.0
Волгоградская область,2015,2920900.0,-0.69652283,7325095.0
Волгоградская область,2016,4524400.0,-0.78395724,7326448.0
Волгоградская область,2017,5651200.0,-0.7078007,7366581.5
Волгоградская область,2018,3706800.0,-1.1319901,7061673.5
Волгоградская область,2019,4494800.0,-0.5274461,7289428.5
Волгоградская область,2020,5110100.0,0.5139246,7293646.0
Волгоградская область,2021,4126100.000000001,-1.2903502,7320562.0
Волгоградская область,2022,7008500.0,-0.53778017,6166387.5
Волгоградская область,2023,6373100.0,-0.5185255,3924516.2
Вологодская область,2006,195000.0,-1.9087557,7239684.5
Вологодская область,2007,225280.0,-0.49195853,7451264.0
Вологодская область,2008,242160.0,-0.84385645,7355052.0
Вологодская область,2009,238221.6,-1.9351369,6995376.5
Вологодская область,2010,153500.0,-2.0153794,7153761.0
Вологодская область,2011,245200.0,-1.0723796,6894304.5
Вологодская область,2012,212100.0,-1.4247705,7140261.0
Вологодская область,2013,166300.0,-1.2187916,7337171.5
Вологодская область,2014,231800.0,-1.4437773,7092941.0
Вологодская область,2015,252700.0,-0.69652283,7325095.0
Вологодская область,2016,222500.0,-0.78395724,7326448.0
Вологодская область,2017,139200.0,-0.7078007,7366581.5
Вологодская область,2018,163000.0,-1.1319901,7061673.5
Вологодская область,2019,192700.0,-0.5274461,7289428.5
Вологодская область,2020,143300.0,0.5139246,7293646.0
Вологодская область,2021,108800.0,-1.2903502,7320562.0
Вологодская область,2022,178500.0,-0.53778017,6166387.5
Вологодская область,2023,210700.0,-0.5185255,3924516.2
Воронежская область,2006,2055060.0,-1.9087557,7239684.5
Воронежская область,2007,2261250.0,-0.49195853,7451264.0
Воронежская область,2008,4528610.0,-0.84385645,7355052.0
Воронежская область,2009,3473793.6999999997,-1.9351369,6995376.5
Воронежская область,2010,854200.0,-2.0153794,7153761.0
Воронежская область,2011,3047500.0,-1.0723796,6894304.5
Воронежская область,2012,3111300.0,-1.4247705,7140261.0
Воронежская область,2013,3814600.0,-1.2187916,7337171.5
Воронежская область,2014,4472700.0,-1.4437773,7092941.0
Воронежская область,2015,4253700.0,-0.69652283,7325095.0
Воронежская область,2016,4817300.0,-0.78395724,7326448.0
Воронежская область,2017,5663900.0,-0.7078007,7366581.5
Воронежская область,2018,4764100.0,-1.1319901,7061673.5
Воронежская область,2019,5178000.0,-0.5274461,7289428.5
Воронежская область,2020,6167200.0,0.5139246,7293646.0
Воронежская область,2021,4294200.0,-1.2903502,7320562.0
Воронежская область,2022,6906700.0,-0.53778017,6166387.5
Воронежская область,2023,6280600.0,-0.5185255,3924516.2
Забайкальский край,2006,185387.0,-1.9087557,7239684.5
Забайкальский край,2007,168200.0,-0.49195853,7451264.0
Забайкальский край,2008,212310.0,-0.84385645,7355052.0
Забайкальский край,2009,268506.0,-1.9351369,6995376.5
Забайкальский край,2010,138300.0,-2.0153794,7153761.0
Забайкальский край,2011,114000.0,-1.0723796,6894304.5
Забайкальский край,2012,213200.0,-1.4247705,7140261.0
Забайкальский край,2013,167300.0,-1.2187916,7337171.5
Забайкальский край,2014,211200.0,-1.4437773,7092941.0
Забайкальский край,2015,62800.0,-0.69652283,7325095.0
Забайкальский край,2016,80100.0,-0.78395724,7326448.0
Забайкальский край,2017,108200.0,-0.7078007,7366581.5
Забайкальский край,2018,177100.0,-1.1319901,7061673.5
Забайкальский край,2019,109700.0,-0.5274461,7289428.5
Забайкальский край,2020,110600.0,0.5139246,7293646.0
Забайкальский край,2021,162000.0,-1.2903502,7320562.0
Забайкальский край,2022,171700.0,-0.53778017,6166387.5
Забайкальский край,2023,174000.0,-0.5185255,3924516.2
Ивановская область,2006,80490.0,-1.9087557,7239684.5
Ивановская область,2007,111060.0,-0.49195853,7451264.0
Ивановская область,2008,100940.0,-0.84385645,7355052.0
Ивановская область,2009,130348.4,-1.9351369,6995376.5
Ивановская область,2010,81800.0,-2.0153794,7153761.0
Ивановская область,2011,102800.0,-1.0723796,6894304.5
Ивановская область,2012,124700.0,-1.4247705,7140261.0
Ивановская область,2013,86600.0,-1.2187916,7337171.5
Ивановская область,2014,131100.0,-1.4437773,7092941.0
Ивановская область,2015,142200.0,-0.69652283,7325095.0
Ивановская область,2016,126300.0,-0.78395724,7326448.0
Ивановская область,2017,129200.0,-0.7078007,7366581.5
Ивановская область,2018,113800.0,-1.1319901,7061673.5
Ивановская область,2019,116500.0,-0.5274461,7289428.5
Ивановская область,2020,149000.0,0.5139246,7293646.0
Ивановская область,2021,105400.0,-1.2903502,7320562.0
Ивановская область,2022,137600.0,-0.53778017,6166387.5
Ивановская область,2023,192300.0,-0.5185255,3924516.2
Иркутская область,2006,571290.0,-1.9087557,7239684.5
Иркутская область,2007,753250.0,-0.49195853,7451264.0
Иркутская область,2008,757820.0,-0.84385645,7355052.0
Иркутская область,2009,687795.7999999999,-1.9351369,6995376.5
Иркутская область,2010,554300.0,-2.0153794,7153761.0
Иркутская область,2011,573400.0,-1.0723796,6894304.5
Иркутская область,2012,629900.0,-1.4247705,7140261.0
Иркутская область,2013,793700.0,-1.2187916,7337171.5
Иркутская область,2014,857600.0,-1.4437773,7092941.0
Иркутская область,2015,551700.0,-0.69652283,7325095.0
Иркутская область,2016,771900.0,-0.78395724,7326448.0
Иркутская область,2017,871600.0,-0.7078007,7366581.5
Иркутская область,2018,867700.0,-1.1319901,7061673.5
Иркутская область,2019,779200.0,-0.5274461,7289428.5
Иркутская область,2020,865100.0,0.5139246,7293646.0
Иркутская область,2021,917800.0,-1.2903502,7320562.0
Иркутская область,2022,919800.0,-0.53778017,6166387.5
Иркутская область,2023,818600.0,-0.5185255,3924516.2
Кабардино-Балкарская Республика,2006,435480.0,-1.9087557,7239684.5
Кабардино-Балкарская Республика,2007,470630.0,-0.49195853,7451264.0
Кабардино-Балкарская Республика,2008,671710.0,-0.84385645,7355052.0
Кабардино-Балкарская Республика,2009,581654.9,-1.9351369,6995376.5
Кабардино-Балкарская Республика,2010,645100.0,-2.0153794,7153761.0
Кабардино-Балкарская Республика,2011,739900.0,-1.0723796,6894304.5
Кабардино-Балкарская Республика,2012,817500.0,-1.4247705,7140261.0
Кабардино-Балкарская Республика,2013,1077800.0,-1.2187916,7337171.5
Кабардино-Балкарская Республика,2014,938200.0,-1.4437773,7092941.0
Кабардино-Балкарская Республика,2015,947500.0,-0.69652283,7325095.0
Кабардино-Балкарская Республика,2016,1150300.0,-0.78395724,7326448.0
Кабардино-Балкарская Республика,2017,1159200.0,-0.7078007,7366581.5
Кабардино-Балкарская Республика,2018,1128100.0,-1.1319901,7061673.5
Кабардино-Балкарская Республика,2019,1136100.0,-0.5274461,7289428.5
Кабардино-Балкарская Республика,2020,1193300.0,0.5139246,7293646.0
Кабардино-Балкарская Республика,2021,1286400.0,-1.2903502,7320562.0
Кабардино-Балкарская Республика,2022,1247700.0,-0.53778017,6166387.5
Кабардино-Балкарская Республика,2023,1421100.0,-0.5185255,3924516.2
Калининградская область,2006,142600.0,-1.9087557,7239684.5
Калининградская область,2007,154910.0,-0.49195853,7451264.0
Калининградская область,2008,227440.0,-0.84385645,7355052.0
Калининградская область,2009,266024.1,-1.9351369,6995376.5
Калининградская область,2010,186300.0,-2.0153794,7153761.0
Калининградская область,2011,156500.0,-1.0723796,6894304.5
Калининградская область,2012,222100.0,-1.4247705,7140261.0
Калининградская область,2013,331900.0,-1.2187916,7337171.5
Калининградская область,2014,429200.0,-1.4437773,7092941.0
Калининградская область,2015,554800.0,-0.69652283,7325095.0
Калининградская область,2016,399900.0,-0.78395724,7326448.0
Калининградская область,2017,394300.0,-0.7078007,7366581.5
Калининградская область,2018,401700.0,-1.1319901,7061673.5
Калининградская область,2019,680400.0,-0.5274461,7289428.5
Калининградская область,2020,718600.0,0.5139246,7293646.0
Калининградская область,2021,714200.0,-1.2903502,7320562.0
Калининградская область,2022,688800.0,-0.53778017,6166387.5
Калининградская область,2023,672200.0,-0.5185255,3924516.2
Калужская область,2006,102080.0,-1.9087557,7239684.5
Калужская область,2007,134280.0,-0.49195853,7451264.0
Калужская область,2008,190520.0,-0.84385645,7355052.0
Калужская область,2009,196786.9,-1.9351369,6995376.5
Калужская область,2010,138800.0,-2.0153794,7153761.0
Калужская область,2011,148300.0,-1.0723796,6894304.5
Калужская область,2012,165700.0,-1.4247705,7140261.0
Калужская область,2013,105400.0,-1.2187916,7337171.5
Калужская область,2014,140500.0,-1.4437773,7092941.0
Калужская область,2015,209200.0,-0.69652283,7325095.0
Калужская область,2016,155900.0,-0.78395724,7326448.0
Калужская область,2017,218700.0,-0.7078007,7366581.5
Калужская область,2018,191400.0,-1.1319901,7061673.5
Калужская область,2019,241600.0,-0.5274461,7289428.5
Калужская область,2020,278900.0,0.5139246,7293646.0
Калужская область,2021,199000.0,-1.2903502,7320562.0
Калужская область,2022,261300.0,-0.53778017,6166387.5
Калужская область,2023,261000.0,-0.5185255,3924516.2
Камчатский край,2006,316.0,-1.9087557,7239684.5
Камчатский край,2007,290.0,-0.49195853,7451264.0
Камчатский край,2008,210.0,-0.84385645,7355052.0
Камчатский край,2009,82.6,-1.9351369,6995376.5
Камчатский край,2010,400.0,-2.0153794,7153761.0
Камчатский край,2011,100.0,-1.0723796,6894304.5
Камчатский край,2012,100.0,-1.4247705,7140261.0
Камчатский край,2013,100.0,-1.2187916,7337171.5
Камчатский край,2014,200.0,-1.4437773,7092941.0
Камчатский край,2015,100.0,-0.69652283,7325095.0
Камчатский край,2016,300.0,-0.78395724,7326448.0
Камчатский край,2017,200.0,-0.7078007,7366581.5
Камчатский край,2018,100.0,-1.1319901,7061673.5
Камчатский край,2019,100.0,-0.5274461,7289428.5
Камчатский край,2020,0.0,0.5139246,7293646.0
Камчатский край,2021,100.0,-1.2903502,7320562.0
Камчатский край,2022,300.0,-0.53778017,6166387.5
Камчатский край,2023,1000.0,-0.5185255,3924516.2
Карачаево-Черкесская Республика,2006,90700.0,-1.9087557,7239684.5
Карачаево-Черкесская Республика,2007,127900.0,-0.49195853,7451264.0
Карачаево-Черкесская Республика,2008,142160.0,-0.84385645,7355052.0
Карачаево-Черкесская Республика,2009,162443.0,-1.9351369,6995376.5
Карачаево-Черкесская Республика,2010,140500.0,-2.0153794,7153761.0
Карачаево-Черкесская Республика,2011,197700.0,-1.0723796,6894304.5
Карачаево-Черкесская Республика,2012,193800.0,-1.4247705,7140261.0
Карачаево-Черкесская Республика,2013,346300.0,-1.2187916,7337171.5
Карачаево-Черкесская Республика,2014,299000.0,-1.4437773,7092941.0
Карачаево-Черкесская Республика,2015,390600.0,-0.69652283,7325095.0
Карачаево-Черкесская Республика,2016,471400.0,-0.78395724,7326448.0
Карачаево-Черкесская Республика,2017,450100.0,-0.7078007,7366581.5
Карачаево-Черкесская Республика,2018,437900.0,-1.1319901,7061673.5
Карачаево-Черкесская Республика,2019,493900.0,-0.5274461,7289428.5
Карачаево-Черкесская Республика,2020,353200.0,0.5139246,7293646.0
Карачаево-Черкесская Республика,2021,406200.0,-1.2903502,7320562.0
Карачаево-Черкесская Республика,2022,409700.0,-0.53778017,6166387.5
Карачаево-Черкесская Республика,2023,566400.0,-0.5185255,3924516.2
Кемеровская область,2006,1108900.0,-1.9087557,7239684.5
Кемеровская область,2007,1455260.0,-0.49195853,7451264.0
Кемеровская область,2008,1467460.0,-0.84385645,7355052.0
Кемеровская область,2009,1570864.9,-1.9351369,6995376.5
Кемеровская область,2010,1179600.0,-2.0153794,7153761.0
Кемеровская область,2011,1136200.0,-1.0723796,6894304.5
Кемеровская область,2012,491400.0,-1.4247705,7140261.0
Кемеровская область,2013,912700.0,-1.2187916,7337171.5
Кемеровская область,2014,967600.0,-1.4437773,7092941.0
Кемеровская область,2015,1034100.0,-0.69652283,7325095.0
Кемеровская область,2016,938000.0,-0.78395724,7326448.0
Кемеровская область,2017,1088800.0,-0.7078007,7366581.5
Кемеровская область,2018,996400.0,-1.1319901,7061673.5
Кемеровская область,2019,1107800.0,-0.5274461,7289428.5
Кемеровская область,2020,1288800.0,0.5139246,7293646.0
Кемеровская область,2021,1550800.0,-1.2903502,7320562.0
Кемеровская область,2022,1833300.0,-0.53778017,6166387.5
Кемеровская область,2023,1146600.0,-0.5185255,3924516.2
Кировская область,2006,570580.0,-1.9087557,7239684.5
Кировская область,2007,493620.0,-0.49195853,7451264.0
Кировская область,2008,606990.0,-0.84385645,7355052.0
Кировская область,2009,706164.0,-1.9351369,6995376.5
Кировская область,2010,460200.0,-2.0153794,7153761.0
Кировская область,2011,735700.0,-1.0723796,6894304.5
Кировская область,2012,555000.0,-1.4247705,7140261.0
Кировская область,2013,419900.0,-1.2187916,7337171.5
Кировская область,2014,671200.0,-1.4437773,7092941.0
Кировская область,2015,583900.0,-0.69652283,7325095.0
Кировская область,2016,526500.0,-0.78395724,7326448.0
Кировская область,2017,557900.0,-0.7078007,7366581.5
Кировская область,2018,570000.0,-1.1319901,7061673.5
Кировская область,2019,623600.0,-0.5274461,7289428.5
Кировская область,2020,652200.0,0.5139246,7293646.0
Кировская область,2021,521799.99999999994,-1.2903502,7320562.0
Кировская область,2022,747300.0,-0.53778017,6166387.5
Кировская область,2023,714000.0,-0.5185255,3924516.2
Костромская область,2006,70800.0,-1.9087557,7239684.5
Костромская область,2007,92930.0,-0.49195853,7451264.0
Костромская область,2008,82590.0,-0.84385645,7355052.0
Костромская область,2009,83695.50000000001,-1.9351369,6995376.5
Костромская область,2010,48700.0,-2.0153794,7153761.0
Костромская область,2011,68000.0,-1.0723796,6894304.5
Костромская область,2012,59900.0,-1.4247705,7140261.0
Костромская область,2013,46200.0,-1.2187916,7337171.5
Костромская область,2014,65400.00000000001,-1.4437773,7092941.0
Костромская область,2015,60100.0,-0.69652283,7325095.0
Костромская область,2016,54400.0,-0.78395724,7326448.0
Костромская область,2017,41600.0,-0.7078007,7366581.5
Костромская область,2018,41400.0,-1.1319901,7061673.5
Костромская область,2021,39100.0,-1.2903502,7320562.0
Костромская область,2022,57300.0,-0.53778017,6166387.5
Костромская область,2023,63900.0,-0.5185255,3924516.2
Краснодарский край,2006,8239080.0,-1.9087557,7239684.5
Краснодарский край,2007,8128130.0,-0.49195853,7451264.0
Краснодарский край,2008,11634350.0,-0.84385645,7355052.0
Краснодарский край,2009,9485958.5,-1.9351369,6995376.5
Краснодарский край,2010,9942600.0,-2.0153794,7153761.0
Краснодарский край,2011,11454600.0,-1.0723796,6894304.5
Краснодарский край,2012,8839200.0,-1.4247705,7140261.0
Краснодарский край,2013,12037600.0,-1.2187916,7337171.5
Краснодарский край,2014,12870800.0,-1.4437773,7092941.0
Краснодарский край,2015,13710600.0,-0.69652283,7325095.0
Краснодарский край,2016,13979000.0,-0.78395724,7326448.0
Краснодарский край,2017,14107500.0,-0.7078007,7366581.5
Краснодарский край,2018,12726200.0,-1.1319901,7061673.5
Краснодарский край,2019,13881100.0,-0.5274461,7289428.5
Краснодарский край,2020,12105000.0,0.5139246,7293646.0
Краснодарский край,2021,14798700.0,-1.2903502,7320562.0
Краснодарский край,2022,15461300.0,-0.53778017,6166387.5
Краснодарский край,2023,13986900.0,-0.5185255,3924516.2
Красноярский край,2006,1485490.0,-1.9087557,7239684.5
Красноярский край,2007,1811080.0,-0.49195853,7451264.0
Красноярский край,2008,2154570.0,-0.84385645,7355052.0
Красноярский край,2009,2377862.7,-1.9351369,6995376.5
Красноярский край,2010,2070900.0,-2.0153794,7153761.0
Красноярский край,2011,2359200.0,-1.0723796,6894304.5
Красноярский край,2012,1786800.0,-1.4247705,7140261.0
Красноярский край,2013,2214500.0,-1.2187916,7337171.5
Красноярский край,2014,2208200.0,-1.4437773,7092941.0
Красноярский край,2015,2253900.0,-0.69652283,7325095.0
Красноярский край,2016,2353500.0,-0.78395724,7326448.0
Красноярский край,2017,1921700.0,-0.7078007,7366581.5
Красноярский край,2018,1890000.0,-1.1319901,7061673.5
Красноярский край,2019,2182300.0,-0.5274461,7289428.5
Красноярский край,2020,2668300.0,0.5139246,7293646.0
Красноярский край,2021,2627100.0,-1.2903502,7320562.0
Красноярский край,2022,2871500.0,-0.53778017,6166387.5
Красноярский край,2023,2461200.0,-0.5185255,3924516.2
Курганская область,2006,1509320.0000000002,-1.9087557,7239684.5
Курганская область,2007,1556500.0,-0.49195853,7451264.0
Курганская область,2008,1595270.0,-0.84385645,7355052.0
Курганская область,2009,1672822.4999999998,-1.9351369,6995376.5
Курганская область,2010,866100.0,-2.0153794,7153761.0
Курганская область,2011,2401500.0,-1.0723796,6894304.5
Курганская область,2012,933200.0,-1.4247705,7140261.0
Курганская область,2013,1344200.0,-1.2187916,7337171.5
Курганская область,2014,1267200.0,-1.4437773,7092941.0
Курганская область,2015,1621900.0,-0.69652283,7325095.0
Курганская область,2016,1813200.0,-0.78395724,7326448.0
Курганская область,2017,2062900.0,-0.7078007,7366581.5
Курганская область,2018,1657300.0,-1.1319901,7061673.5
Курганская область,2019,1780700.0,-0.5274461,7289428.5
Курганская область,2020,1431800.0,0.5139246,7293646.0
Курганская область,2021,1054200.0,-1.2903502,7320562.0
Курганская область,2022,2172100.0,-0.53778017,6166387.5
Курганская область,2023,1545700.0,-0.5185255,3924516.2
Курская область,2006,1731830.0,-1.9087557,7239684.5
Курская область,2007,1923000.0,-0.49195853,7451264.0
Курская область,2008,3351540.0,-0.84385645,7355052.0
Курская область,2009,3054059.8,-1.9351369,6995376.5
Курская область,2010,1526400.0,-2.0153794,7153761.0
Курская область,2011,2649400.0,-1.0723796,6894304.5
Курская область,2012,2844200.0,-1.4247705,7140261.0
Курская область,2013,3602500.0,-1.2187916,7337171.5
Курская область,2014,4211800.0,-1.4437773,7092941.0
Курская область,2015,3586600.0,-0.69652283,7325095.0
Курская область,2016,4379800.0,-0.78395724,7326448.0
Курская область,2017,5034100.0,-0.7078007,7366581.5
Курская область,2018,4525600.0,-1.1319901,7061673.5
Курская область,2019,4975800.0,-0.5274461,7289428.5
Курская область,2020,5845200.0,0.5139246,7293646.0
Курская область,2021,4499100.0,-1.2903502,7320562.0
Курская область,2022,5734900.0,-0.53778017,6166387.5
Курская область,2023,5508800.0,-0.5185255,3924516.2
Ленинградская область,2006,71800.0,-1.9087557,7239684.5
Ленинградская область,2007,85430.0,-0.49195853,7451264.0
Ленинградская область,2008,98300.0,-0.84385645,7355052.0
Ленинградская область,2009,105937.8,-1.9351369,6995376.5
Ленинградская область,2010,79200.0,-2.0153794,7153761.0
Ленинградская область,2011,94000.0,-1.0723796,6894304.5
Ленинградская область,2012,100100.0,-1.4247705,7140261.0
Ленинградская область,2013,108600.0,-1.2187916,7337171.5
Ленинградская область,2014,127400.0,-1.4437773,7092941.0
Ленинградская область,2015,145800.0,-0.69652283,7325095.0
Ленинградская область,2016,117400.0,-0.78395724,7326448.0
Ленинградская область,2017,126100.0,-0.7078007,7366581.5
Ленинградская область,2018,120300.0,-1.1319901,7061673.5
Ленинградская область,2019,145600.0,-0.5274461,7289428.5
Ленинградская область,2020,160700.0,0.5139246,7293646.0
Ленинградская область,2021,140000.0,-1.2903502,7320562.0
Ленинградская область,2022,172400.0,-0.53778017,6166387.5
Ленинградская область,2023,157000.0,-0.5185255,3924516.2
Липецкая область,2006,1721400.0,-1.9087557,7239684.5
Липецкая область,2007,1787700.0,-0.49195853,7451264.0
Липецкая область,2008,2913360.0,-0.84385645,7355052.0
Липецкая область,2009,2725234.0,-1.9351369,6995376.5
Липецкая область,2010,1214500.0,-2.0153794,7153761.0
Липецкая область,2011,1972500.0,-1.0723796,6894304.5
Липецкая область,2012,1866500.0,-1.4247705,7140261.0
Липецкая область,2013,2541400.0,-1.2187916,7337171.5
Липецкая область,2014,2527500.0,-1.4437773,7092941.0
Липецкая область,2015,2386100.0,-0.69652283,7325095.0
Липецкая область,2016,2877200.0,-0.78395724,7326448.0
Липецкая область,2017,3134400.0,-0.7078007,7366581.5
Липецкая область,2018,2949500.0,-1.1319901,7061673.5
Липецкая область,2019,3344400.0,-0.5274461,7289428.5
Липецкая область,2020,4278500.0,0.5139246,7293646.0
Липецкая область,2021,2986300.0,-1.2903502,7320562.0
Липецкая область,2022,4001100.0,-0.53778017,6166387.5
Липецкая область,2023,3653200.0,-0.5185255,3924516.2
Московская область,2006,202810.0,-1.9087557,7239684.5
Московская область,2007,190640.0,-0.49195853,7451264.0
Московская область,2008,243800.0,-0.84385645,7355052.0
Московская область,2009,237149.8,-1.9351369,6995376.5
Московская область,2010,172200.0,-2.0153794,7153761.0
Московская область,2011,221800.0,-1.0723796,6894304.5
Московская область,2012,238800.0,-1.4247705,7140261.0
Московская область,2013,177200.0,-1.2187916,7337171.5
Московская область,2014,284000.0,-1.4437773,7092941.0
Московская область,2015,414600.0,-0.69652283,7325095.0
Московская область,2016,357500.0,-0.78395724,7326448.0
Московская область,2017,426800.0,-0.7078007,7366581.5
Московская область,2018,369300.0,-1.1319901,7061673.5
Московская область,2019,388300.0,-0.5274461,7289428.5
Московская область,2020,529900.0,0.5139246,7293646.0
Московская область,2021,444000.0,-1.2903502,7320562.0
Московская область,2022,654200.0,-0.53778017,6166387.5
Московская область,2023,719500.0,-0.5185255,3924516.2
Нижегородская область,2006,1166560.0,-1.9087557,7239684.5
Нижегородская область,2007,1046260.0,-0.49195853,7451264.0
Нижегородская область,2008,1299290.0,-0.84385645,7355052.0
Нижегородская область,2009,1432419.7,-1.9351369,6995376.5
Нижегородская область,2010,541500.0,-2.0153794,7153761.0
Нижегородская область,2011,1301800.0,-1.0723796,6894304.5
Нижегородская область,2012,933300.0,-1.4247705,7140261.0
Нижегородская область,2013,918600.0,-1.2187916,7337171.5
Нижегородская область,2014,1133400.0,-1.4437773,7092941.0
Нижегородская область,2015,1150100.0,-0.69652283,7325095.0
Нижегородская область,2016,1127500.0,-0.78395724,7326448.0
Нижегородская область,2017,1324000.0,-0.7078007,7366581.5
Нижегородская область,2018,1151300.0,-1.1319901,7061673.5
Нижегородская область,2019,1218800.0,-0.5274461,7289428.5
Нижегородская область,2020,1614600.0,0.5139246,7293646.0
Нижегородская область,2021,1216700.0,-1.2903502,7320562.0
Нижегородская область,2022,1753200.0,-0.53778017,6166387.5
Нижегородская область,2023,2125800.0,-0.5185255,3924516.2
Новгородская область,2006,10200.0,-1.9087557,7239684.5
Новгородская область,2007,12540.0,-0.49195853,7451264.0
Новгородская область,2008,16840.0,-0.84385645,7355052.0
Новгородская область,2009,15580.6,-1.9351369,6995376.5
Новгородская область,2010,15800.0,-2.0153794,7153761.0
Новгородская область,2011,28400.0,-1.0723796,6894304.5
Новгородская область,2012,28500.0,-1.4247705,7140261.0
Новгородская область,2013,23900.0,-1.2187916,7337171.5
Новгородская область,2014,38800.0,-1.4437773,7092941.0
Новгородская область,2015,50000.0,-0.69652283,7325095.0
Новгородская область,2016,51500.0,-0.78395724,7326448.0
Новгородская область,2017,22900.0,-0.7078007,7366581.5
Новгородская область,2018,18900.0,-1.1319901,7061673.5
Новгородская область,2019,43100.0,-0.5274461,7289428.5
Новгородская область,2020,35500.0,0.5139246,7293646.0
Новгородская область,2021,34700.0,-1.2903502,7320562.0
Новгородская область,2022,21500.0,-0.53778017,6166387.5
Новгородская область,2023,21800.0,-0.5185255,3924516.2
Новосибирская область,2006,1767220.0,-1.9087557,7239684.5
Новосибирская область,2007,2513470.0,-0.49195853,7451264.0
Новосибирская область,2008,2567300.0,-0.84385645,7355052.0
Новосибирская область,2009,3193212.3000000003,-1.9351369,6995376.5
Новосибирская область,2010,2350300.0,-2.0153794,7153761.0
Новосибирская область,2011,2503300.0,-1.0723796,6894304.5
Новосибирская область,2012,1239500.0,-1.4247705,7140261.0
Новосибирская область,2013,2292600.0,-1.2187916,7337171.5
Новосибирская область,2014,1784600.0,-1.4437773,7092941.0
Новосибирская область,2015,2196500.0,-0.69652283,7325095.0
Новосибирская область,2016,2341100.0,-0.78395724,7326448.0
Новосибирская область,2017,2819600.0,-0.7078007,7366581.5
Новосибирская область,2018,2494700.0,-1.1319901,7061673.5
Новосибирская область,2019,2431500.0,-0.5274461,7289428.5
Новосибирская область,2020,2518100.0,0.5139246,7293646.0
Новосибирская область,2021,3384300.0,-1.2903502,7320562.0
Новосибирская область,2022,3356400.0,-0.53778017,6166387.5
Новосибирская область,2023,2278000.0,-0.5185255,3924516.2
Омская область,2006,2917020.0,-1.9087557,7239684.5
Омская область,2007,3113860.0,-0.49195853,7451264.0
Омская область,2008,2289760.0,-0.84385645,7355052.0
Омская область,2009,4002540.7,-1.9351369,6995376.5
Омская область,2010,2231900.0,-2.0153794,7153761.0
Омская область,2011,3379200.0,-1.0723796,6894304.5
Омская область,2012,1689600.0,-1.4247705,7140261.0
Омская область,2013,3428100.0,-1.2187916,7337171.5
Омская область,2014,3136900.0,-1.4437773,7092941.0
Омская область,2015,3316700.0,-0.69652283,7325095.0
Омская область,2016,3267700.0,-0.78395724,7326448.0
Омская область,2017,3468100.0,-0.7078007,7366581.5
Омская область,2018,3195300.0,-1.1319901,7061673.5
Омская область,2019,3051700.0,-0.5274461,7289428.5
Омская область,2020,3034200.0,0.5139246,7293646.0
Омская область,2021,2937500.0,-1.2903502,7320562.0
Омская область,2022,2916400.0,-0.53778017,6166387.5
Омская область,2023,2511100.0,-0.5185255,3924516.2
Оренбургская область,2006,2022310.0,-1.9087557,7239684.5
Оренбургская область,2007,3158770.0,-0.49195853,7451264.0
Оренбургская область,2008,3717790.0,-0.84385645,7355052.0
Оренбургская область,2009,2446271.2,-1.9351369,6995376.5
Оренбургская область,2010,739600.0,-2.0153794,7153761.0
Оренбургская область,2011,2917800.0,-1.0723796,6894304.5
Оренбургская область,2012,1470500.0,-1.4247705,7140261.0
Оренбургская область,2013,2049200.0,-1.2187916,7337171.5
Оренбургская область,2014,2543700.0,-1.4437773,7092941.0
Оренбургская область,2015,2156700.0,-0.69652283,7325095.0
Оренбургская область,2016,3133900.0,-0.78395724,7326448.0
Оренбургская область,2017,4203100.0,-0.7078007,7366581.5
Оренбургская область,2018,2033600.0,-1.1319901,7061673.5
Оренбургская область,2019,2124200.0,-0.5274461,7289428.5
Оренбургская область,2020,3589600.0,0.5139246,7293646.0
Оренбургская область,2021,1566400.0,-1.2903502,7320562.0
Оренбургская область,2022,4014500.0,-0.53778017,6166387.5
Оренбургская область,2023,3400900.0,-0.5185255,3924516.2
Орловская область,2006,1267980.0,-1.9087557,7239684.5
Орловская область,2007,1343260.0,-0.49195853,7451264.0
Орловская область,2008,2282330.0,-0.84385645,7355052.0
Орловская область,2009,2393143.4,-1.9351369,6995376.5
Орловская область,2010,1507800.0,-2.0153794,7153761.0
Орловская область,2011,1676900.0,-1.0723796,6894304.5
Орловская область,2012,2072300.0,-1.4247705,7140261.0
Орловская область,2013,2558900.0,-1.2187916,7337171.5
Орловская область,2014,3136900.0,-1.4437773,7092941.0
Орловская область,2015,2699200.0,-0.69652283,7325095.0
Орловская область,2016,3131000.0,-0.78395724,7326448.0
Орловская область,2017,3179800.0,-0.7078007,7366581.5
Орловская область,2018,3193800.0,-1.1319901,7061673.5
Орловская область,2019,3672900.0,-0.5274461,7289428.5
Орловская область,2020,4282500.0,0.5139246,7293646.0
Орловская область,2021,3784100.0,-1.2903502,7320562.0
Орловская область,2022,3909600.0,-0.53778017,6166387.5
Орловская область,2023,4142200.0,-0.5185255,3924516.2
Пензенская область,2006,1110120.0000000002,-1.9087557,7239684.5
Пензенская область,2007,934910.0,-0.49195853,7451264.0
Пензенская область,2008,1422340.0,-0.84385645,7355052.0
Пензенская область,2009,1461417.1,-1.9351369,6995376.5
Пензенская область,2010,407300.0,-2.0153794,7153761.0
Пензенская область,2011,874700.0,-1.0723796,6894304.5
Пензенская область,2012,749900.0,-1.4247705,7140261.0
Пензенская область,2013,1291300.0,-1.2187916,7337171.5
Пензенская область,2014,1265400.0,-1.4437773,7092941.0
Пензенская область,2015,1558500.0,-0.69652283,7325095.0
Пензенская область,2016,1943900.0,-0.78395724,7326448.0
Пензенская область,2017,2370400.0,-0.7078007,7366581.5
Пензенская область,2018,1744600.0,-1.1319901,7061673.5
Пензенская область,2019,1856800.0,-0.5274461,7289428.5
Пензенская область,2020,3221700.0,0.5139246,7293646.0
Пензенская область,2021,2251600.0,-1.2903502,7320562.0
Пензенская область,2022,3270100.0,-0.53778017,6166387.5
Пензенская область,2023,3263800.0,-0.5185255,3924516.2
Пермский край,2006,443350.0,-1.9087557,7239684.5
Пермский край,2007,398100.0,-0.49195853,7451264.0
Пермский край,2008,436420.0,-0.84385645,7355052.0
Пермский край,2009,450711.5,-1.9351369,6995376.5
Пермский край,2010,330800.0,-2.0153794,7153761.0
Пермский край,2011,444200.0,-1.0723796,6894304.5
Пермский край,2012,321600.0,-1.4247705,7140261.0
Пермский край,2013,274700.0,-1.2187916,7337171.5
Пермский край,2014,364700.0,-1.4437773,7092941.0
Пермский край,2015,303400.0,-0.69652283,7325095.0
Пермский край,2016,246700.0,-0.78395724,7326448.0
Пермский край,2017,353700.0,-0.7078007,7366581.5
Пермский край,2018,371200.0,-1.1319901,7061673.5
Пермский край,2019,299800.0,-0.5274461,7289428.5
Пермский край,2020,356700.0,0.5139246,7293646.0
Пермский край,2021,257899.99999999997,-1.2903502,7320562.0
Пермский край,2022,444900.0,-0.53778017,6166387.5
Пермский край,2023,282900.0,-0.5185255,3924516.2
Приморский край,2006,139970.0,-1.9087557,7239684.5
Приморский край,2007,135030.0,-0.49195853,7451264.0
Приморский край,2008,164070.0,-0.84385645,7355052.0
Приморский край,2009,192702.0,-1.9351369,6995376.5
Приморский край,2010,144700.0,-2.0153794,7153761.0
Приморский край,2011,230500.0,-1.0723796,6894304.5
Приморский край,2012,234500.0,-1.4247705,7140261.0
Приморский край,2013,229300.0,-1.2187916,7337171.5
Приморский край,2014,307300.0,-1.4437773,7092941.0
Приморский край,2015,299700.0,-0.69652283,7325095.0
Приморский край,2016,296800.0,-0.78395724,7326448.0
Приморский край,2017,329400.0,-0.7078007,7366581.5
Приморский край,2018,344200.0,-1.1319901,7061673.5
Приморский край,2019,376700.0,-0.5274461,7289428.5
Приморский край,2020,381600.0,0.5139246,7293646.0
Приморский край,2021,520600.0,-1.2903502,7320562.0
Приморский край,2022,641400.0,-0.53778017,6166387.5
Приморский край,2023,493800.0,-0.5185255,3924516.2
Псковская область,2006,27200.0,-1.9087557,7239684.5
Псковская область,2007,27100.0,-0.49195853,7451264.0
Псковская область,2008,31010.0,-0.84385645,7355052.0
Псковская область,2009,35298.299999999996,-1.9351369,6995376.5
Псковская область,2010,22600.0,-2.0153794,7153761.0
Псковская область,2011,37500.0,-1.0723796,6894304.5
Псковская область,2012,53600.0,-1.4247705,7140261.0
Псковская область,2013,58000.0,-1.2187916,7337171.5
Псковская область,2014,111900.0,-1.4437773,7092941.0
Псковская область,2015,117000.0,-0.69652283,7325095.0
Псковская область,2016,116800.0,-0.78395724,7326448.0
Псковская область,2017,81300.0,-0.7078007,7366581.5
Псковская область,2018,47200.0,-1.1319901,7061673.5
Псковская область,2019,140600.0,-0.5274461,7289428.5
Псковская область,2020,151500.0,0.5139246,7293646.0
Псковская область,2021,147100.0,-1.2903502,7320562.0
Псковская область,2022,169800.0,-0.53778017,6166387.5
Псковская область,2023,125500.0,-0.5185255,3924516.2
Республика Адыгея,2006,304210.0,-1.9087557,7239684.5
Республика Адыгея,2007,380850.0,-0.49195853,7451264.0
Республика Адыгея,2008,542960.0,-0.84385645,7355052.0
Республика Адыгея,2009,471526.4,-1.9351369,6995376.5
Республика Адыгея,2010,437500.0,-2.0153794,7153761.0
Республика Адыгея,2011,427200.0,-1.0723796,6894304.5
Республика Адыгея,2012,323400.0,-1.4247705,7140261.0
Республика Адыгея,2013,510000.0,-1.2187916,7337171.5
Республика Адыгея,2014,541600.0,-1.4437773,7092941.0
Республика Адыгея,2015,638900.0,-0.69652283,7325095.0
Республика Адыгея,2016,699600.0,-0.78395724,7326448.0
Республика Адыгея,2017,614200.0,-0.7078007,7366581.5
Республика Адыгея,2018,553500.0,-1.1319901,7061673.5
Республика Адыгея,2019,631200.0,-0.5274461,7289428.5
Республика Адыгея,2020,734700.0,0.5139246,7293646.0
Республика Адыгея,2021,654900.0,-1.2903502,7320562.0
Республика Адыгея,2022,618300.0,-0.53778017,6166387.5
Республика Адыгея,2023,559500.0,-0.5185255,3924516.2
Республика Алтай,2006,12580.0,-1.9087557,7239684.5
Республика Алтай,2007,22400.0,-0.49195853,7451264.0
Республика Алтай,2008,7980.0,-0.84385645,7355052.0
Республика Алтай,2009,16390.899999999998,-1.9351369,6995376.5
Республика Алтай,2010,10200.0,-2.0153794,7153761.0
Республика Алтай,2011,8700.0,-1.0723796,6894304.5
Республика Алтай,2012,5500.0,-1.4247705,7140261.0
Республика Алтай,2013,10100.0,-1.2187916,7337171.5
Республика Алтай,2014,9100.0,-1.4437773,7092941.0
Республика Алтай,2015,7000.0,-0.69652283,7325095.0
Республика Алтай,2016,10200.0,-0.78395724,7326448.0
Республика Алтай,2017,7100.0,-0.7078007,7366581.5
Республика Алтай,2018,4000.0,-1.1319901,7061673.5
Республика Алтай,2019,8600.0,-0.5274461,7289428.5
Республика Алтай,2020,10800.0,0.5139246,7293646.0
Республика Алтай,2021,11000.0,-1.2903502,7320562.0
Республика Алтай,2022,11800.0,-0.53778017,6166387.5
Республика Алтай,2023,6900.0,-0.5185255,3924516.2
Республика Башкортостан,2006,3883230.000000001,-1.9087557,7239684.5
Республика Башкортостан,2007,4069390.0,-0.49195853,7451264.0
Республика Башкортостан,2008,4532960.0,-0.84385645,7355052.0
Республика Башкортостан,2009,2930763.9,-1.9351369,6995376.5
Республика Башкортостан,2010,781000.0,-2.0153794,7153761.0
Республика Башкортостан,2011,3002900.0,-1.0723796,6894304.5
Республика Башкортостан,2012,1672200.0,-1.4247705,7140261.0
Республика Башкортостан,2013,2038700.0,-1.2187916,7337171.5
Республика Башкортостан,2014,2420900.0,-1.4437773,7092941.0
Республика Башкортостан,2015,3005400.0,-0.69652283,7325095.0
Республика Башкортостан,2016,3324000.0,-0.78395724,7326448.0
Республика Башкортостан,2017,3782700.0,-0.7078007,7366581.5
Республика Башкортостан,2018,3058900.0,-1.1319901,7061673.5
Республика Башкортостан,2019,3246500.0,-0.5274461,7289428.5
Республика Башкортостан,2020,3839300.0,0.5139246,7293646.0
Республика Башкортостан,2021,2060700.0,-1.2903502,7320562.0
Республика Башкортостан,2022,5003900.0,-0.53778017,6166387.5
Республика Башкортостан,2023,3207200.0,-0.5185255,3924516.2
Республика Бурятия,2006,90940.0,-1.9087557,7239684.5
Республика Бурятия,2007,81610.0,-0.49195853,7451264.0
Республика Бурятия,2008,100770.0,-0.84385645,7355052.0
Республика Бурятия,2009,79286.2,-1.9351369,6995376.5
Республика Бурятия,2010,72400.0,-2.0153794,7153761.0
Республика Бурятия,2011,97600.0,-1.0723796,6894304.5
Республика Бурятия,2012,125700.0,-1.4247705,7140261.0
Республика Бурятия,2013,112600.0,-1.2187916,7337171.5
Республика Бурятия,2014,81400.0,-1.4437773,7092941.0
Республика Бурятия,2015,21400.0,-0.69652283,7325095.0
Республика Бурятия,2016,33300.0,-0.78395724,7326448.0
Республика Бурятия,2017,39100.0,-0.7078007,7366581.5
Республика Бурятия,2018,72000.0,-1.1319901,7061673.5
Республика Бурятия,2019,86500.0,-0.5274461,7289428.5
Республика Бурятия,2020,89400.0,0.5139246,7293646.0
Республика Бурятия,2021,122300.0,-1.2903502,7320562.0
Республика Бурятия,2022,116700.0,-0.53778017,6166387.5
Республика Бурятия,2023,140600.0,-0.5185255,3924516.2
Республика Дагестан,2006,254180.0,-1.9087557,7239684.5
Республика Дагестан,2007,208280.0,-0.49195853,7451264.0
Республика Дагестан,2008,281630.0,-0.84385645,7355052.0
Республика Дагестан,2009,207461.4,-1.9351369,6995376.5
Республика Дагестан,2010,209700.0,-2.0153794,7153761.0
Республика Дагестан,2011,244400.0,-1.0723796,6894304.5
Республика Дагестан,2012,156500.0,-1.4247705,7140261.0
Республика Дагестан,2013,270000.0,-1.2187916,7337171.5
Республика Дагестан,2014,311700.0,-1.4437773,7092941.0
Республика Дагестан,2015,341000.0,-0.69652283,7325095.0
Республика Дагестан,2016,375900.0,-0.78395724,7326448.0
Республика Дагестан,2017,400200.0,-0.7078007,7366581.5
Республика Дагестан,2018,359500.0,-1.1319901,7061673.5
Республика Дагестан,2019,385000.0,-0.5274461,7289428.5
Республика Дагестан,2020,422400.0,0.5139246,7293646.0
Республика Дагестан,2021,450200.0,-1.2903502,7320562.0
Республика Дагестан,2022,465200.0,-0.53778017,6166387.5
Республика Дагестан,2023,485500.0,-0.5185255,3924516.2
Республика Ингушетия,2006,40560.0,-1.9087557,7239684.5
Республика Ингушетия,2007,33260.0,-0.49195853,7451264.0
Республика Ингушетия,2008,57690.0,-0.84385645,7355052.0
Республика Ингушетия,2009,69356.79999999999,-1.9351369,6995376.5
Республика Ингушетия,2010,43900.0,-2.0153794,7153761.0
Республика Ингушетия,2011,73100.0,-1.0723796,6894304.5
Республика Ингушетия,2012,54800.0,-1.4247705,7140261.0
Республика Ингушетия,2013,95400.0,-1.2187916,7337171.5
Республика Ингушетия,2014,97700.0,-1.4437773,7092941.0
Республика Ингушетия,2015,71100.0,-0.69652283,7325095.0
Республика Ингушетия,2016,110700.0,-0.78395724,7326448.0
Республика Ингушетия,2017,47400.0,-0.7078007,7366581.5
Республика Ингушетия,2018,89400.0,-1.1319901,7061673.5
Республика Ингушетия,2019,40700.0,-0.5274461,7289428.5
Республика Ингушетия,2020,54800.0,0.5139246,7293646.0
Республика Ингушетия,2021,134800.0,-1.2903502,7320562.0
Республика Ингушетия,2022,147700.0,-0.53778017,6166387.5
Республика Ингушетия,2023,175800.0,-0.5185255,3924516.2
Республика Калмыкия,2006,359530.00000000006,-1.9087557,7239684.5
Республика Калмыкия,2007,170230.0,-0.49195853,7451264.0
Республика Калмыкия,2008,437400.0,-0.84385645,7355052.0
Республика Калмыкия,2009,401510.0,-1.9351369,6995376.5
Республика Калмыкия,2010,275400.0,-2.0153794,7153761.0
Республика Калмыкия,2011,357000.0,-1.0723796,6894304.5
Республика Калмыкия,2012,159900.0,-1.4247705,7140261.0
Республика Калмыкия,2013,195500.0,-1.2187916,7337171.5
Республика Калмыкия,2014,297300.0,-1.4437773,7092941.0
Республика Калмыкия,2015,345400.0,-0.69652283,7325095.0
Республика Калмыкия,2016,500100.0,-0.78395724,7326448.0
Республика Калмыкия,2017,589800.0,-0.7078007,7366581.5
Республика Калмыкия,2018,461600.0,-1.1319901,7061673.5
Республика Калмыкия,2019,639800.0,-0.5274461,7289428.5
Республика Калмыкия,2020,584000.0,0.5139246,7293646.0
Республика Калмыкия,2021,599000.0,-1.2903502,7320562.0
Республика Калмыкия,2022,707300.0,-0.53778017,6166387.5
Республика Калмыкия,2023,806600.0,-0.5185255,3924516.2
Республика Карелия,2006,1100.0,-1.9087557,7239684.5
Республика Карелия,2007,740.0,-0.49195853,7451264.0
Республика Карелия,2008,420.0,-0.84385645,7355052.0
Республика Карелия,2009,351.3,-1.9351369,6995376.5
Республика Карелия,2010,200.0,-2.0153794,7153761.0
Республика Карелия,2011,200.0,-1.0723796,6894304.5
Республика Карелия,2012,100.0,-1.4247705,7140261.0
Республика Карелия,2013,100.0,-1.2187916,7337171.5
Республика Карелия,2014,100.0,-1.4437773,7092941.0
Республика Карелия,2023,0.0,-0.5185255,3924516.2
Республика Коми,2006,1000.0,-1.9087557,7239684.5
Республика Коми,2007,900.0,-0.49195853,7451264.0
Республика Коми,2008,770.0,-0.84385645,7355052.0
Республика Коми,2009,15.0,-1.9351369,6995376.5
Республика Коми,2010,0.0,-2.0153794,7153761.0
Республика Коми,2011,0.0,-1.0723796,6894304.5
Республика Коми,2012,10.0,-1.4247705,7140261.0
Республика Коми,2013,0.0,-1.2187916,7337171.5
Республика Коми,2014,0.0,-1.4437773,7092941.0
Республика Коми,2015,0.0,-0.69652283,7325095.0
Республика Коми,2016,10.0,-0.78395724,7326448.0
Республика Крым,2014,1102100.0,-1.4437773,7092941.0
Республика Крым,2015,1263100.0,-0.69652283,7325095.0
Республика Крым,2016,1286500.0,-0.78395724,7326448.0
Республика Крым,2017,1394000.0,-0.7078007,7366581.5
Республика Крым,2018,761500.0,-1.1319901,7061673.5
Республика Крым,2019,1470000.0,-0.5274461,7289428.5
Республика Крым,2020,908300.0,0.5139246,7293646.0
Республика Крым,2021,1432800.0,-1.2903502,7320562.0
Республика Крым,2022,1926800.0,-0.53778017,6166387.5
Республика Крым,2023,2041500.0,-0.5185255,3924516.2
Республика Марий Эл,2006,210450.0,-1.9087557,7239684.5
Республика Марий Эл,2007,176970.0,-0.49195853,7451264.0
Республика Марий Эл,2008,249700.0,-0.84385645,7355052.0
Республика Марий Эл,2009,279774.3,-1.9351369,6995376.5
Республика Марий Эл,2010,101900.0,-2.0153794,7153761.0
Республика Марий Эл,2011,289900.0,-1.0723796,6894304.5
Республика Марий Эл,2012,184200.0,-1.4247705,7140261.0
Республика Марий Эл,2013,158300.0,-1.2187916,7337171.5
Республика Марий Эл,2014,225800.0,-1.4437773,7092941.0
Республика Марий Эл,2015,219400.0,-0.69652283,7325095.0
Республика Марий Эл,2016,214100.0,-0.78395724,7326448.0
Республика Марий Эл,2017,237200.0,-0.7078007,7366581.5
Республика Марий Эл,2018,227600.0,-1.1319901,7061673.5
Республика Марий Эл,2019,242600.0,-0.5274461,7289428.5
Республика Марий Эл,2020,317700.0,0.5139246,7293646.0
Республика Марий Эл,2021,209000.0,-1.2903502,7320562.0
Республика Марий Эл,2022,381800.0,-0.53778017,6166387.5
Республика Марий Эл,2023,337300.0,-0.5185255,3924516.2
Республика Мордовия,2006,945140.0,-1.9087557,7239684.5
Республика Мордовия,2007,906990.0,-0.49195853,7451264.0
Республика Мордовия,2008,1167910.0,-0.84385645,7355052.0
Республика Мордовия,2009,1308416.3,-1.9351369,6995376.5
Республика Мордовия,2010,292100.0,-2.0153794,7153761.0
Республика Мордовия,2011,1034600.0,-1.0723796,6894304.5
Республика Мордовия,2012,797100.0,-1.4247705,7140261.0
Республика Мордовия,2013,849100.0,-1.2187916,7337171.5
Республика Мордовия,2014,946900.0,-1.4437773,7092941.0
Республика Мордовия,2015,1039600.0,-0.69652283,7325095.0
Республика Мордовия,2016,1192400.0,-0.78395724,7326448.0
Республика Мордовия,2017,1335600.0,-0.7078007,7366581.5
Республика Мордовия,2018,1068300.0,-1.1319901,7061673.5
Республика Мордовия,2019,1226600.0,-0.5274461,7289428.5
Республика Мордовия,2020,1621800.0,0.5139246,7293646.0
Республика Мордовия,2021,1137200.0,-1.2903502,7320562.0
Республика Мордовия,2022,1648300.0,-0.53778017,6166387.5
Республика Мордовия,2023,1957600.0,-0.5185255,3924516.2
Республика Саха (Якутия),2006,12840.0,-1.9087557,7239684.5
Республика Саха (Якутия),2007,12590.0,-0.49195853,7451264.0
Республика Саха (Якутия),2008,6380.0,-0.84385645,7355052.0
Республика Саха (Якутия),2009,7643.7,-1.9351369,6995376.5
Республика Саха (Якутия),2010,10300.0,-2.0153794,7153761.0
Республика Саха (Якутия),2011,7800.0,-1.0723796,6894304.5
Республика Саха (Якутия),2012,6300.0,-1.4247705,7140261.0
Республика Саха (Якутия),2013,11800.0,-1.2187916,7337171.5
Республика Саха (Якутия),2014,12200.0,-1.4437773,7092941.0
Республика Саха (Якутия),2015,8100.0,-0.69652283,7325095.0
Республика Саха (Якутия),2016,12100.0,-0.78395724,7326448.0
Республика Саха (Якутия),2017,5900.0,-0.7078007,7366581.5
Республика Саха (Якутия),2018,9600.0,-1.1319901,7061673.5
Республика Саха (Якутия),2019,10600.0,-0.5274461,7289428.5
Республика Саха (Якутия),2020,9100.0,0.5139246,7293646.0
Республика Саха (Якутия),2021,9300.0,-1.2903502,7320562.0
Республика Саха (Якутия),2022,10100.0,-0.53778017,6166387.5
Республика Саха (Якутия),2023,11400.0,-0.5185255,3924516.2
Республика Северная Осетия-Алания,2006,229630.00000000003,-1.9087557,7239684.5
Республика Северная Осетия-Алания,2007,341590.0,-0.49195853,7451264.0
Республика Северная Осетия-Алания,2008,520350.0,-0.84385645,7355052.0
Республика Северная Осетия-Алания,2009,457525.6999999999,-1.9351369,6995376.5
Республика Северная Осетия-Алания,2010,400600.0,-2.0153794,7153761.0
Республика Северная Осетия-Алания,2011,495000.0,-1.0723796,6894304.5
Республика Северная Осетия-Алания,2012,517900.0,-1.4247705,7140261.0
Республика Северная Осетия-Алания,2013,648500.0,-1.2187916,7337171.5
Республика Северная Осетия-Алания,2014,650400.0,-1.4437773,7092941.0
Республика Северная Осетия-Алания,2015,552000.0,-0.69652283,7325095.0
Республика Северная Осетия-Алания,2016,607500.0,-0.78395724,7326448.0
Республика Северная Осетия-Алания,2017,638800.0,-0.7078007,7366581.5
Республика Северная Осетия-Алания,2018,763800.0,-1.1319901,7061673.5
Республика Северная Осетия-Алания,2019,791200.0,-0.5274461,7289428.5
Республика Северная Осетия-Алания,2020,826900.0,0.5139246,7293646.0
Республика Северная Осетия-Алания,2021,876500.0,-1.2903502,7320562.0
Республика Северная Осетия-Алания,2022,788100.0,-0.53778017,6166387.5
Республика Северная Осетия-Алания,2023,857000.0,-0.5185255,3924516.2
Республика Татарстан,2006,4157950.0,-1.9087557,7239684.5
Республика Татарстан,2007,4733490.0,-0.49195853,7451264.0
Республика Татарстан,2008,5742510.0,-0.84385645,7355052.0
Республика Татарстан,2009,4441779.8,-1.9351369,6995376.5
Республика Татарстан,2010,661100.0,-2.0153794,7153761.0
Республика Татарстан,2011,4867700.0,-1.0723796,6894304.5
Республика Татарстан,2012,2990500.0,-1.4247705,7140261.0
Республика Татарстан,2013,2611500.0,-1.2187916,7337171.5
Республика Татарстан,2014,3366000.0,-1.4437773,7092941.0
Республика Татарстан,2015,3367700.0,-0.69652283,7325095.0
Республика Татарстан,2016,4105200.0,-0.78395724,7326448.0
Республика Татарстан,2017,4868200.0,-0.7078007,7366581.5
Республика Татарстан,2018,3657600.0,-1.1319901,7061673.5
Республика Татарстан,2019,4167899.999999999,-0.5274461,7289428.5
Республика Татарстан,2020,5200800.0,0.5139246,7293646.0
Республика Татарстан,2021,2353000.0,-1.2903502,7320562.0
Республика Татарстан,2022,5213500.0,-0.53778017,6166387.5
Республика Татарстан,2023,3603700.0,-0.5185255,3924516.2
Республика Тыва,2006,12330.0,-1.9087557,7239684.5
Республика Тыва,2007,7600.0,-0.49195853,7451264.0
Республика Тыва,2008,12360.0,-0.84385645,7355052.0
Республика Тыва,2009,13353.5,-1.9351369,6995376.5
Республика Тыва,2010,17700.0,-2.0153794,7153761.0
Республика Тыва,2011,19500.0,-1.0723796,6894304.5
Республика Тыва,2012,14000.0,-1.4247705,7140261.0
Республика Тыва,2013,16700.0,-1.2187916,7337171.5
Республика Тыва,2014,7500.0,-1.4437773,7092941.0
Республика Тыва,2015,3200.0,-0.69652283,7325095.0
Республика Тыва,2016,8500.0,-0.78395724,7326448.0
Республика Тыва,2017,7000.0,-0.7078007,7366581.5
Республика Тыва,2018,14700.0,-1.1319901,7061673.5
Республика Тыва,2019,26400.0,-0.5274461,7289428.5
Республика Тыва,2020,19500.0,0.5139246,7293646.0
Республика Тыва,2021,22100.0,-1.2903502,7320562.0
Республика Тыва,2022,12500.0,-0.53778017,6166387.5
Республика Тыва,2023,15000.0,-0.5185255,3924516.2
Республика Хакасия,2006,65060.0,-1.9087557,7239684.5
Республика Хакасия,2007,80280.0,-0.49195853,7451264.0
Республика Хакасия,2008,84550.0,-0.84385645,7355052.0
Республика Хакасия,2009,111777.5,-1.9351369,6995376.5
Республика Хакасия,2010,128900.0,-2.0153794,7153761.0
Республика Хакасия,2011,173900.0,-1.0723796,6894304.5
Республика Хакасия,2012,137500.0,-1.4247705,7140261.0
Республика Хакасия,2013,130600.0,-1.2187916,7337171.5
Республика Хакасия,2014,162900.0,-1.4437773,7092941.0
Республика Хакасия,2015,115600.0,-0.69652283,7325095.0
Республика Хакасия,2016,121900.0,-0.78395724,7326448.0
Республика Хакасия,2017,108900.0,-0.7078007,7366581.5
Республика Хакасия,2018,99500.0,-1.1319901,7061673.5
Республика Хакасия,2019,141400.0,-0.5274461,7289428.5
Республика Хакасия,2020,161200.0,0.5139246,7293646.0
Республика Хакасия,2021,155400.0,-1.2903502,7320562.0
Республика Хакасия,2022,141800.0,-0.53778017,6166387.5
Республика Хакасия,2023,181400.0,-0.5185255,3924516.2
Ростовская область,2006,6309809.999999999,-1.9087557,7239684.5
Ростовская область,2007,4097050.0,-0.49195853,7451264.0
Ростовская область,2008,8871110.0,-0.84385645,7355052.0
Ростовская область,2009,6598033.6,-1.9351369,6995376.5
Ростовская область,2010,6620900.0,-2.0153794,7153761.0
Ростовская область,2011,7735900.0,-1.0723796,6894304.5
Ростовская область,2012,6159500.0,-1.4247705,7140261.0
Ростовская область,2013,6617000.0,-1.2187916,7337171.5
Ростовская область,2014,9345400.0,-1.4437773,7092941.0
Ростовская область,2015,9626200.0,-0.69652283,7325095.0
Ростовская область,2016,11595800.0,-0.78395724,7326448.0
Ростовская область,2017,13385400.0,-0.7078007,7366581.5
Ростовская область,2018,10911600.0,-1.1319901,7061673.5
Ростовская область,2019,12103000.0,-0.5274461,7289428.5
Ростовская область,2020,12464500.0,0.5139246,7293646.0
Ростовская область,2021,13597400.0,-1.2903502,7320562.0
Ростовская область,2022,15252000.0,-0.53778017,6166387.5
Ростовская область,2023,16170300.0,-0.5185255,3924516.2
Рязанская область,2006,935910.0,-1.9087557,7239684.5
Рязанская область,2007,948930.0,-0.49195853,7451264.0
Рязанская область,2008,1554480.0,-0.84385645,7355052.0
Рязанская область,2009,1569555.6,-1.9351369,6995376.5
Рязанская область,2010,655100.0,-2.0153794,7153761.0
Рязанская область,2011,938300.0,-1.0723796,6894304.5
Рязанская область,2012,1059100.0,-1.4247705,7140261.0
Рязанская область,2013,1254600.0,-1.2187916,7337171.5
Рязанская область,2014,1397900.0,-1.4437773,7092941.0
Рязанская область,2015,1623300.0,-0.69652283,7325095.0
Рязанская область,2016,1554800.0,-0.78395724,7326448.0
Рязанская область,2017,2083400.0,-0.7078007,7366581.5
Рязанская область,2018,1609100.0,-1.1319901,7061673.5
Рязанская область,2019,2047600.0,-0.5274461,7289428.5
Рязанская область,2020,2793700.0,0.5139246,7293646.0
Рязанская область,2021,2236500.0,-1.2903502,7320562.0
Рязанская область,2022,3065600.0,-0.53778017,6166387.5
Рязанская область,2023,2780300.0,-0.5185255,3924516.2
Самарская область,2006,1251330.0,-1.9087557,7239684.5
Самарская область,2007,1401660.0,-0.49195853,7451264.0
Самарская область,2008,1824410.0,-0.84385645,7355052.0
Самарская область,2009,1128010.7,-1.9351369,6995376.5
Самарская область,2010,489200.0,-2.0153794,7153761.0
Самарская область,2011,1212800.0,-1.0723796,6894304.5
Самарская область,2012,1106800.0,-1.4247705,7140261.0
Самарская область,2013,1629400.0,-1.2187916,7337171.5
Самарская область,2014,2070100.0,-1.4437773,7092941.0
Самарская область,2015,1332800.0,-0.69652283,7325095.0
Самарская область,2016,2119400.0,-0.78395724,7326448.0
Самарская область,2017,2750800.0,-0.7078007,7366581.5
Самарская область,2018,1830600.0,-1.1319901,7061673.5
Самарская область,2019,1892600.0,-0.5274461,7289428.5
Самарская область,2020,2923600.0,0.5139246,7293646.0
Самарская область,2021,1952200.0,-1.2903502,7320562.0
Самарская область,2022,3656700.0,-0.53778017,6166387.5
Самарская область,2023,2755200.0,-0.5185255,3924516.2
Саратовская область,2006,3435700.0,-1.9087557,7239684.5
Саратовская область,2007,3337480.0,-0.49195853,7451264.0
Саратовская область,2008,3853540.0,-0.84385645,7355052.0
Саратовская область,2009,2774573.4000000004,-1.9351369,6995376.5
Саратовская область,2010,1032300.0,-2.0153794,7153761.0
Саратовская область,2011,2065800.0,-1.0723796,6894304.5
Саратовская область,2012,2203100.0,-1.4247705,7140261.0
Саратовская область,2013,3192000.0,-1.2187916,7337171.5
Саратовская область,2014,3682600.0,-1.4437773,7092941.0
Саратовская область,2015,2212900.0,-0.69652283,7325095.0
Саратовская область,2016,4258600.0,-0.78395724,7326448.0
Саратовская область,2017,5825800.0,-0.7078007,7366581.5
Саратовская область,2018,3313800.0,-1.1319901,7061673.5
Саратовская область,2019,3182200.0,-0.5274461,7289428.5
Саратовская область,2020,5303500.0,0.5139246,7293646.0
Саратовская область,2021,3699900.0,-1.2903502,7320562.0
Саратовская область,2022,6792600.0,-0.53778017,6166387.5
Саратовская область,2023,5925200.0,-0.5185255,3924516.2
Свердловская область,2006,720260.0,-1.9087557,7239684.5
Свердловская область,2007,583660.0,-0.49195853,7451264.0
Свердловская область,2008,630170.0,-0.84385645,7355052.0
Свердловская область,2009,676011.5,-1.9351369,6995376.5
Свердловская область,2010,549200.0,-2.0153794,7153761.0
Свердловская область,2011,762500.0,-1.0723796,6894304.5
Свердловская область,2012,521200.00000000006,-1.4247705,7140261.0
Свердловская область,2013,610800.0,-1.2187916,7337171.5
Свердловская область,2014,660600.0,-1.4437773,7092941.0
Свердловская область,2015,629500.0,-0.69652283,7325095.0
Свердловская область,2016,597000.0,-0.78395724,7326448.0
Свердловская область,2017,754200.0,-0.7078007,7366581.5
Свердловская область,2018,615600.0,-1.1319901,7061673.5
Свердловская область,2019,708100.0,-0.5274461,7289428.5
Свердловская область,2020,673500.0,0.5139246,7293646.0
Свердловская область,2021,520900.0,-1.2903502,7320562.0
Свердловская область,2022,913300.0,-0.53778017,6166387.5
Свердловская область,2023,655800.0,-0.5185255,3924516.2
Смоленская область,2006,88080.0,-1.9087557,7239684.5
Смоленская область,2007,127770.0,-0.49195853,7451264.0
Смоленская область,2008,158260.0,-0.84385645,7355052.0
Смоленская область,2009,166269.1,-1.9351369,6995376.5
Смоленская область,2010,85800.0,-2.0153794,7153761.0
Смоленская область,2011,207000.0,-1.0723796,6894304.5
Смоленская область,2012,217000.0,-1.4247705,7140261.0
Смоленская область,2013,188300.0,-1.2187916,7337171.5
Смоленская область,2014,228200.0,-1.4437773,7092941.0
Смоленская область,2015,238100.0,-0.69652283,7325095.0
Смоленская область,2016,232600.0,-0.78395724,7326448.0
Смоленская область,2017,242500.0,-0.7078007,7366581.5
Смоленская область,2018,278400.0,-1.1319901,7061673.5
Смоленская область,2019,318600.0,-0.5274461,7289428.5
Смоленская область,2020,301900.0,0.5139246,7293646.0
Смоленская область,2021,275400.0,-1.2903502,7320562.0
Смоленская область,2022,353600.0,-0.53778017,6166387.5
Смоленская область,2023,379400.0,-0.5185255,3924516.2
Ставропольский край,2006,6280740.0,-1.9087557,7239684.5
Ставропольский край,2007,7017960.0,-0.49195853,7451264.0
Ставропольский край,2008,8413300.0,-0.84385645,7355052.0
Ставропольский край,2009,6934871.199999999,-1.9351369,6995376.5
Ставропольский край,2010,6869600.0,-2.0153794,7153761.0
Ставропольский край,2011,8186000.0,-1.0723796,6894304.5
Ставропольский край,2012,4839500.0,-1.4247705,7140261.0
Ставропольский край,2013,6962000.0,-1.2187916,7337171.5
Ставропольский край,2014,8555800.0,-1.4437773,7092941.0
Ставропольский край,2015,8928500.0,-0.69652283,7325095.0
Ставропольский край,2016,10249900.0,-0.78395724,7326448.0
Ставропольский край,2017,10047100.0,-0.7078007,7366581.5
Ставропольский край,2018,8933200.0,-1.1319901,7061673.5
Ставропольский край,2019,8400200.0,-0.5274461,7289428.5
Ставропольский край,2020,5762700.0,0.5139246,7293646.0
Ставропольский край,2021,9240700.0,-1.2903502,7320562.0
Ставропольский край,2022,9319400.0,-0.53778017,6166387.5
Ставропольский край,2023,9137800.0,-0.5185255,3924516.2
Тамбовская область,2006,1701150.0,-1.9087557,7239684.5
Тамбовская область,2007,1584520.0,-0.49195853,7451264.0
Тамбовская область,2008,2869660.0,-0.84385645,7355052.0
Тамбовская область,2009,2632647.7,-1.9351369,6995376.5
Тамбовская область,2010,925600.0,-2.0153794,7153761.0
Тамбовская область,2011,1919800.0,-1.0723796,6894304.5
Тамбовская область,2012,1866000.0,-1.4247705,7140261.0
Тамбовская область,2013,2993400.0,-1.2187916,7337171.5
Тамбовская область,2014,3120200.0,-1.4437773,7092941.0
Тамбовская область,2015,3445600.0,-0.69652283,7325095.0
Тамбовская область,2016,3250400.0,-0.78395724,7326448.0
Тамбовская область,2017,4143600.000000001,-0.7078007,7366581.5
Тамбовская область,2018,3366200.0,-1.1319901,7061673.5
Тамбовская область,2019,3412500.0,-0.5274461,7289428.5
Тамбовская область,2020,4920600.0,0.5139246,7293646.0
Тамбовская область,2021,3553700.0,-1.2903502,7320562.0
Тамбовская область,2022,4528300.0,-0.53778017,6166387.5
Тамбовская область,2023,5137600.0,-0.5185255,3924516.2
Тверская область,2006,129090.0,-1.9087557,7239684.5
Тверская область,2007,138730.0,-0.49195853,7451264.0
Тверская область,2008,147480.0,-0.84385645,7355052.0
Тверская область,2009,121303.7,-1.9351369,6995376.5
Тверская область,2010,62500.0,-2.0153794,7153761.0
Тверская область,2011,90100.0,-1.0723796,6894304.5
Тверская область,2012,82400.0,-1.4247705,7140261.0
Тверская область,2013,86400.0,-1.2187916,7337171.5
Тверская область,2014,108300.0,-1.4437773,7092941.0
Тверская область,2015,117300.0,-0.69652283,7325095.0
Тверская область,2016,100000.0,-0.78395724,7326448.0
Тверская область,2017,99800.0,-0.7078007,7366581.5
Тверская область,2018,80900.0,-1.1319901,7061673.5
Тверская область,2019,122100.0,-0.5274461,7289428.5
Тверская область,2020,107400.0,0.5139246,7293646.0
Тверская область,2021,102200.0,-1.2903502,7320562.0
Тверская область,2022,155800.0,-0.53778017,6166387.5
Тверская область,2023,179100.0,-0.5185255,3924516.2
Томская область,2006,281810.0,-1.9087557,7239684.5
Томская область,2007,339980.0,-0.49195853,7451264.0
Томская область,2008,408840.0,-0.84385645,7355052.0
Томская область,2009,397438.1,-1.9351369,6995376.5
Томская область,2010,359200.0,-2.0153794,7153761.0
Томская область,2011,317600.0,-1.0723796,6894304.5
Томская область,2012,146600.0,-1.4247705,7140261.0
Томская область,2013,320100.0,-1.2187916,7337171.5
Томская область,2014,296500.0,-1.4437773,7092941.0
Томская область,2015,300300.0,-0.69652283,7325095.0
Томская область,2016,303500.0,-0.78395724,7326448.0
Томская область,2017,362800.0,-0.7078007,7366581.5
Томская область,2018,335200.0,-1.1319901,7061673.5
Томская область,2019,341300.0,-0.5274461,7289428.5
Томская область,2020,412700.0,0.5139246,7293646.0
Томская область,2021,403500.0,-1.2903502,7320562.0
Томская область,2022,452700.0,-0.53778017,6166387.5
Томская область,2023,333700.0,-0.5185255,3924516.2
Тульская область,2006,742750.0,-1.9087557,7239684.5
Тульская область,2007,862220.0,-0.49195853,7451264.0
Тульская область,2008,1333100.0,-0.84385645,7355052.0
Тульская область,2009,1476454.8,-1.9351369,6995376.5
Тульская область,2010,856100.0,-2.0153794,7153761.0
Тульская область,2011,890500.0,-1.0723796,6894304.5
Тульская область,2012,1140900.0,-1.4247705,7140261.0
Тульская область,2013,1199500.0,-1.2187916,7337171.5
Тульская область,2014,1464500.0,-1.4437773,7092941.0
Тульская область,2015,1465800.0,-0.69652283,7325095.0
Тульская область,2016,1554800.0,-0.78395724,7326448.0
Тульская область,2017,1870800.0,-0.7078007,7366581.5
Тульская область,2018,1732300.0,-1.1319901,7061673.5
Тульская область,2019,2023600.0,-0.5274461,7289428.5
Тульская область,2020,2578800.0,0.5139246,7293646.0
Тульская область,2021,2205700.0,-1.2903502,7320562.0
Тульская область,2022,2672500.0,-0.53778017,6166387.5
Тульская область,2023,2588500.0,-0.5185255,3924516.2
Тюменская область,2006,1352760.0,-1.9087557,7239684.5
Тюменская область,2007,1271110.0,-0.49195853,7451264.0
Тюменская область,2008,1238360.0,-0.84385645,7355052.0
Тюменская область,2009,1525090.6,-1.9351369,6995376.5
Тюменская область,2010,1232000.0,-2.0153794,7153761.0
Тюменская область,2011,1919500.0,-1.0723796,6894304.5
Тюменская область,2012,1268700.0,-1.4247705,7140261.0
Тюменская область,2013,1332500.0,-1.2187916,7337171.5
Тюменская область,2014,1481900.0,-1.4437773,7092941.0
Тюменская область,2015,1337000.0,-0.69652283,7325095.0
Тюменская область,2016,1286400.0,-0.78395724,7326448.0
Тюменская область,2017,1585900.0,-0.7078007,7366581.5
Тюменская область,2018,1341200.0,-1.1319901,7061673.5
Тюменская область,2019,1481700.0,-0.5274461,7289428.5
Тюменская область,2020,1357100.0,0.5139246,7293646.0
Тюменская область,2021,1128900.0,-1.2903502,7320562.0
Тюменская область,2022,1901800.0,-0.53778017,6166387.5
Тюменская область,2023,1548200.0,-0.5185255,3924516.2
Удмуртская Республика,2006,567550.0,-1.9087557,7239684.5
Удмуртская Республика,2007,556410.0,-0.49195853,7451264.0
Удмуртская Республика,2008,646110.0,-0.84385645,7355052.0
Удмуртская Республика,2009,654654.6000000001,-1.9351369,6995376.5
Удмуртская Республика,2010,312900.0,-2.0153794,7153761.0
Удмуртская Республика,2011,640800.0,-1.0723796,6894304.5
Удмуртская Республика,2012,482200.0,-1.4247705,7140261.0
Удмуртская Республика,2013,306100.0,-1.2187916,7337171.5
Удмуртская Республика,2014,609800.0,-1.4437773,7092941.0
Удмуртская Республика,2015,529900.0,-0.69652283,7325095.0
Удмуртская Республика,2016,542400.0,-0.78395724,7326448.0
Удмуртская Республика,2017,703100.0,-0.7078007,7366581.5
Удмуртская Республика,2018,629800.0,-1.1319901,7061673.5
Удмуртская Республика,2019,625900.0,-0.5274461,7289428.5
Удмуртская Республика,2020,647700.0,0.5139246,7293646.0
Удмуртская Республика,2021,484700.0,-1.2903502,7320562.0
Удмуртская Республика,2022,889100.0,-0.53778017,6166387.5
Удмуртская Республика,2023,591600.0,-0.5185255,3924516.2
Ульяновская область,2006,724430.0000000001,-1.9087557,7239684.5
Ульяновская область,2007,763410.0,-0.49195853,7451264.0
Ульяновская область,2008,1128670.0,-0.84385645,7355052.0
Ульяновская область,2009,1144326.6,-1.9351369,6995376.5
Ульяновская область,2010,272900.0,-2.0153794,7153761.0
Ульяновская область,2011,1297700.0,-1.0723796,6894304.5
Ульяновская область,2012,651100.0,-1.4247705,7140261.0
Ульяновская область,2013,903400.0,-1.2187916,7337171.5
Ульяновская область,2014,1064300.0,-1.4437773,7092941.0
Ульяновская область,2015,859600.0,-0.69652283,7325095.0
Ульяновская область,2016,1187100.0,-0.78395724,7326448.0
Ульяновская область,2017,1549400.0,-0.7078007,7366581.5
Ульяновская область,2018,1167600.0,-1.1319901,7061673.5
Ульяновская область,2019,1176400.0,-0.5274461,7289428.5
Ульяновская область,2020,2015800.0,0.5139246,7293646.0
Ульяновская область,2021,1169900.0,-1.2903502,7320562.0
Ульяновская область,2022,2113700.0,-0.53778017,6166387.5
Ульяновская область,2023,1861900.0,-0.5185255,3924516.2
Хабаровский край,2006,17860.0,-1.9087557,7239684.5
Хабаровский край,2007,22730.0,-0.49195853,7451264.0
Хабаровский край,2008,26620.0,-0.84385645,7355052.0
Хабаровский край,2009,17064.500000000004,-1.9351369,6995376.5
Хабаровский край,2010,5600.0,-2.0153794,7153761.0
Хабаровский край,2011,10400.0,-1.0723796,6894304.5
Хабаровский край,2012,13700.0,-1.4247705,7140261.0
Хабаровский край,2013,9600.0,-1.2187916,7337171.5
Хабаровский край,2014,19300.0,-1.4437773,7092941.0
Хабаровский край,2015,15000.0,-0.69652283,7325095.0
Хабаровский край,2016,11900.0,-0.78395724,7326448.0
Хабаровский край,2017,16800.0,-0.7078007,7366581.5
Хабаровский край,2018,19100.0,-1.1319901,7061673.5
Хабаровский край,2019,9300.0,-0.5274461,7289428.5
Хабаровский край,2020,16700.0,0.5139246,7293646.0
Хабаровский край,2021,16400.0,-1.2903502,7320562.0
Хабаровский край,2022,16400.0,-0.53778017,6166387.5
Хабаровский край,2023,14600.0,-0.5185255,3924516.2
Челябинская область,2006,2114650.0,-1.9087557,7239684.5
Челябинская область,2007,1880100.0,-0.49195853,7451264.0
Челябинская область,2008,1688020.0,-0.84385645,7355052.0
Челябинская область,2009,1453455.6,-1.9351369,6995376.5
Челябинская область,2010,691800.0,-2.0153794,7153761.0
Челябинская область,2011,2218900.0,-1.0723796,6894304.5
Челябинская область,2012,688700.0,-1.4247705,7140261.0
Челябинская область,2013,1031400.0,-1.2187916,7337171.5
Челябинская область,2014,1139500.0,-1.4437773,7092941.0
Челябинская область,2015,1697900.0,-0.69652283,7325095.0
Челябинская область,2016,1947700.0,-0.78395724,7326448.0
Челябинская область,2017,2307300.0,-0.7078007,7366581.5
Челябинская область,2018,1850300.0,-1.1319901,7061673.5
Челябинская область,2019,1777600.0,-0.5274461,7289428.5
Челябинская область,2020,1008100.0,0.5139246,7293646.0
Челябинская область,2021,1085400.0,-1.2903502,7320562.0
Челябинская область,2022,2201700.0,-0.53778017,6166387.5
Челябинская область,2023,2089500.0,-0.5185255,3924516.2
Чеченская Республика,2006,129040.0,-1.9087557,7239684.5
Чеченская Республика,2007,131520.0,-0.49195853,7451264.0
Чеченская Республика,2008,182340.0,-0.84385645,7355052.0
Чеченская Республика,2009,172124.9,-1.9351369,6995376.5
Чеченская Республика,2010,125500.0,-2.0153794,7153761.0
Чеченская Республика,2011,185000.0,-1.0723796,6894304.5
Чеченская Республика,2012,91900.0,-1.4247705,7140261.0
Чеченская Республика,2013,193900.0,-1.2187916,7337171.5
Чеченская Республика,2014,159500.0,-1.4437773,7092941.0
Чеченская Республика,2015,217800.0,-0.69652283,7325095.0
Чеченская Республика,2016,306500.0,-0.78395724,7326448.0
Чеченская Республика,2017,424100.0,-0.7078007,7366581.5
Чеченская Республика,2018,268400.0,-1.1319901,7061673.5
Чеченская Республика,2019,177700.0,-0.5274461,7289428.5
Чеченская Республика,2020,461200.0,0.5139246,7293646.0
Чеченская Республика,2021,498900.0,-1.2903502,7320562.0
Чеченская Республика,2022,517000.0,-0.53778017,6166387.5
Чеченская Республика,2023,520100.0,-0.5185255,3924516.2
Чувашская Республика,2006,426030.00000000006,-1.9087557,7239684.5
Чувашская Республика,2007,371260.0,-0.49195853,7451264.0
Чувашская Республика,2008,522770.0,-0.84385645,7355052.0
Чувашская Республика,2009,573014.7,-1.9351369,6995376.5
Чувашская Республика,2010,127700.0,-2.0153794,7153761.0
Чувашская Республика,2011,555400.0,-1.0723796,6894304.5
Чувашская Республика,2012,411900.0,-1.4247705,7140261.0
Чувашская Республика,2013,396200.0,-1.2187916,7337171.5
Чувашская Республика,2014,554200.0,-1.4437773,7092941.0
Чувашская Республика,2015,555800.0,-0.69652283,7325095.0
Чувашская Республика,2016,609200.0,-0.78395724,7326448.0
Чувашская Республика,2017,698700.0,-0.7078007,7366581.5
Чувашская Республика,2018,632700.0,-1.1319901,7061673.5
Чувашская Республика,2019,724900.0,-0.5274461,7289428.5
Чувашская Республика,2020,940500.0,0.5139246,7293646.0
Чувашская Республика,2021,555500.0,-1.2903502,7320562.0
Чувашская Республика,2022,1008500.0,-0.53778017,6166387.5
Чувашская Республика,2023,968600.0,-0.5185255,3924516.2
Ярославская область,2006,81260.0,-1.9087557,7239684.5
Ярославская область,2007,91030.0,-0.49195853,7451264.0
Ярославская область,2008,102820.0,-0.84385645,7355052.0
Ярославская область,2009,102787.6,-1.9351369,6995376.5
Ярославская область,2010,51000.0,-2.0153794,7153761.0
Ярославская область,2011,78600.0,-1.0723796,6894304.5
Ярославская область,2012,78600.0,-1.4247705,7140261.0
Ярославская область,2013,60600.0,-1.2187916,7337171.5
Ярославская область,2014,97100.0,-1.4437773,7092941.0
Ярославская область,2015,93900.0,-0.69652283,7325095.0
Ярославская область,2016,85000.0,-0.78395724,7326448.0
Ярославская область,2017,79800.0,-0.7078007,7366581.5
Ярославская область,2018,78300.0,-1.1319901,7061673.5
Ярославская область,2019,93400.0,-0.5274461,7289428.5
Ярославская область,2020,84800.0,0.5139246,7293646.0
Ярославская область,2021,51600.0,-1.2903502,7320562.0
Ярославская область,2022,108000.0,-0.53778017,6166387.5
Ярославская область,2023,136600.0,-0.5185255,3924516.2
