region_std,year,spi_grow_mean,spi_grow_min
Алтайский край,2007,1.0496199219788178,-0.8381906396087315
Алтайский край,2008,0.11422515829157798,-0.4511636562620744
Алтайский край,2009,0.8828914623451305,-0.8346743297692728
Алтайский край,2010,-0.047700646298943356,-0.7921658350582291
Алтайский край,2011,-0.28620710066159805,-0.9805729485065042
Алтайский край,2012,-0.10685573147348497,-1.593694643468888
Алтайский край,2013,1.1299101141839663,-0.4170405611402775
Алтайский край,2014,0.5289657234526064,-1.0093153474995742
Алтайский край,2015,0.5917670563724903,-0.31356119722252557
Алтайский край,2016,1.1040011816684974,-0.27333053726501044
Алтайский край,2017,0.4849774688306101,-1.1874413789489282
Алтайский край,2018,0.8836775629522973,-0.26374411545787246
Алтайский край,2019,-0.03810931130759956,-1.1447470094010384
Алтайский край,2020,-0.2165787815294845,-1.309971227712086
Алтайский край,2021,-0.192821831635275,-1.0061266213338602
Алтайский край,2022,-0.3235281772934497,-1.0876323202713614
Алтайский край,2023,-1.3262168427117533,-1.7759491258884945
Амурская область,2007,0.59393437958474,-0.8997700004006229
Амурская область,2008,0.41310551706414955,-0.7940487507179258
Амурская область,2009,0.4870579173417191,-0.8844222687878783
Амурская область,2010,0.5234052916420359,-0.9221500655170657
Амурская область,2011,0.20876643111948148,-0.8971436928099467
Амурская область,2012,0.6378642457174996,-0.6866985319440566
Амурская область,2013,1.1701658159933217,-0.8427207329291343
Амурская область,2014,0.2607444249238279,-1.0616450538840276
Амурская область,2015,0.16355598455221942,-0.6426292135901285
Амурская область,2016,1.0296849162700692,-0.5766288597795266
Амурская область,2017,0.5245047451551339,-0.7879630680514736
Амурская область,2018,0.32302434277004904,-0.9408046123268627
Амурская область,2019,0.6685930115432678,-0.8820980793573561
Амурская область,2020,0.6010346599184231,-0.8413038253421612
Амурская область,2021,1.2743062257983573,-0.5595194171389718
Амурская область,2022,0.6301317315219469,-0.809998352429556
Амурская область,2023,-0.3557790740666957,-0.9830087739691656
Архангельская область,2007,0.6175543308449774,-1.036229092276739
Архангельская область,2008,0.23618241431882836,-0.9338748713660122
Архангельская область,2009,0.12215862007391746,-1.2113753971330985
Архангельская область,2010,-0.024445783134821635,-1.22376610134662
Архангельская область,2011,-0.5953686125881191,-1.1457975879183673
Архангельская область,2012,0.3502081421804253,-1.025174249382428
Архангельская область,2013,-0.620192475275712,-1.5916721848739237
Архангельская область,2014,0.2510952633061205,-0.8618959579399731
Архангельская область,2015,0.3005086470825405,-0.814645704843848
Архангельская область,2016,0.2526963876424664,-1.240149505075964
Архангельская область,2017,0.5762050245766508,-0.4652919056566246
Архангельская область,2018,0.02542980644247661,-1.3321403538193413
Архангельская область,2019,0.40097808678247865,-0.855656577544954
Архангельская область,2020,0.638644504274132,-0.2479631270803595
Архангельская область,2021,0.211794761689285,-1.4248934282580683
Архангельская область,2022,-0.2249408233082564,-1.1511166069323093
Архангельская область,2023,-1.6298279599846284,-2.062579405966704
Астраханская область,2007,-0.1271053344552974,-0.7988715376318581
Астраханская область,2008,0.9181226512172146,-0.6262808454708556
Астраханская область,2009,0.5834012309291569,-0.02027766208481305
Астраханская область,2010,-0.1392193158489202,-2.1545471255748594
Астраханская область,2011,0.5833138353158499,-1.1293712985400353
Астраханская область,2012,-0.4189290441021576,-1.6122811215340884
Астраханская область,2013,-0.03404338887055528,-0.4001849904480237
Астраханская область,2014,-0.9562667078814507,-1.8307740977678852
Астраханская область,2015,-0.6747218319550569,-1.6487370618315105
Астраханская область,2016,0.9016751352471161,-0.6043884384974202
Астраханская область,2017,-0.19401811321893034,-2.048695562227313
Астраханская область,2018,-0.37594873514977184,-1.9378059925592166
Астраханская область,2019,0.5336326674061102,-1.0894944971225928
Астраханская область,2020,-0.6713404214685655,-1.6899897678846163
Астраханская область,2021,0.6726306876202325,-0.7040924060570843
Астраханская область,2022,0.20013853126980696,-1.5695895754014018
Астраханская область,2023,-0.9936928251758074,-1.7173292575469175
Белгородская область,2007,0.07325232699997965,-0.9810614864005955
Белгородская область,2008,0.4365404469880963,-0.4873500209937333
Белгородская область,2009,-0.5065409092582565,-1.2250711285818365
Белгородская область,2010,-0.8295676716804019,-1.4161051882213112
Белгородская область,2011,0.3073723845325729,-1.3980745471574532
Белгородская область,2012,0.6066976674728153,-0.32658675756045036
Белгородская область,2013,0.10718569848641768,-0.9915245673506407
Белгородская область,2014,-0.234697562688886,-1.3499534246506006
Белгородская область,2015,0.17974729609742665,-1.4824024911700684
Белгородская область,2016,1.3385208424514625,0.46800710765170284
Белгородская область,2017,-0.47683258153279784,-1.4283333501944302
Белгородская область,2018,0.6787590132973845,-0.6277451407237413
Белгородская область,2019,0.3353842991066353,-0.4592588557279765
Белгородская область,2020,-0.12369949858870884,-1.4580646127749783
Белгородская область,2021,0.5586884353371206,-0.12669345713429037
Белгородская область,2022,0.31648901779865724,0.05548690092688975
Белгородская область,2023,-1.3245975165749857,-1.7942393407306598
Брянская область,2007,0.012971473775283515,-1.1323942228184536
Брянская область,2008,0.7834366847835222,0.2939758152560457
Брянская область,2009,0.4345981287838862,-1.1148005605229439
Брянская область,2010,-0.4354832997516848,-0.7917946924375848
Брянская область,2011,1.092465496029619,-1.4260126332994099
Брянская область,2012,1.0636409935173796,-0.07101788282845396
Брянская область,2013,0.6791670472555985,0.0063078962271631055
Брянская область,2014,-0.613679226554595,-1.2877711740586115
Брянская область,2015,0.031256461997897333,-1.328380663482926
Брянская область,2016,0.6614867574659965,-0.04275808731240205
Брянская область,2017,-0.19773927999327182,-1.288536210560524
Брянская область,2018,0.07830420631172766,-1.0614720132390696
Брянская область,2019,-0.12718537305790822,-1.3166500602951652
Брянская область,2020,0.4788544701543966,-1.1204685985440226
Брянская область,2021,1.1142928627037414,-0.15247974524302943
Брянская область,2022,1.4679776461543892,0.8215584693525678
Брянская область,2023,-1.5470949896887258,-2.122709375737816
Владимирская область,2007,-0.2139981103319555,-1.1158273411736166
Владимирская область,2008,1.930989041563602,0.23041460406516504
Владимирская область,2009,-0.0027513001498801017,-1.0739651824527197
Владимирская область,2010,-0.47376831341539755,-1.3269494471079917
Владимирская область,2011,-0.3257567020075767,-1.0996482714405444
Владимирская область,2012,0.6242756189610362,-0.04320191832779361
Владимирская область,2013,0.8423340713671573,-0.29607554873078284
Владимирская область,2014,-0.19422478809118662,-1.7384314662424907
Владимирская область,2015,0.21327032308565896,-0.9774129344001707
Владимирская область,2016,0.565205188230574,-0.3513643303330722
Владимирская область,2017,0.9478844403810821,-0.16406127675489993
Владимирская область,2018,-0.6160218868946492,-1.2515306474386048
Владимирская область,2019,0.25486865558835176,-0.9530290881320289
Владимирская область,2020,0.530630867176802,-0.3403962654967944
Владимирская область,2021,0.2236685190451081,-0.3303548037055016
Владимирская область,2022,-0.49511814636234047,-1.384423170622106
Владимирская область,2023,-1.5412634995839636,-1.95528527520207
Волгоградская область,2007,0.009433640810266819,-0.5598380376193172
Волгоградская область,2008,0.4973464832267653,-0.28722973224385523
Волгоградская область,2009,-0.38067045521664805,-1.1134816048141307
Волгоградская область,2010,-0.6095433336402158,-2.180648279800444
Волгоградская область,2011,-0.2803886239084458,-0.5899175928675914
Волгоградская область,2012,-0.611911008779055,-1.2455117838402983
Волгоградская область,2013,0.38488032449858056,-0.3177144904305626
Волгоградская область,2014,-0.44923452365000993,-1.7293139284680812
Волгоградская область,2015,-0.5780198195828675,-1.6801081072437494
Волгоградская область,2016,1.3162034808199155,-0.372085390222136
Волгоградская область,2017,0.36306306945932665,-1.3305525037901174
Волгоградская область,2018,-0.20707828250431762,-1.8161927440221373
Волгоградская область,2019,0.0735170756608786,-0.6491056552723307
Волгоградская область,2020,-0.534063908944199,-2.0979376580021034
Волгоградская область,2021,0.9197878475826493,-0.4416315537518997
Волгоградская область,2022,-0.05117653930423686,-0.8314411160903236
Волгоградская область,2023,-1.3567941257814111,-1.8986390062138352
Вологодская область,2007,0.5768121084067149,-1.115446366570192
Вологодская область,2008,0.5535938792926789,-0.8373403116295172
Вологодская область,2009,0.32310610803571344,-1.1843595454016618
Вологодская область,2010,-0.09271114929314213,-0.8751344342709602
Вологодская область,2011,-0.27420788199719975,-1.5373314733541552
Вологодская область,2012,0.4058593796813405,-0.9423868888663277
Вологодская область,2013,-0.3338355585863257,-1.056074563876303
Вологодская область,2014,-0.2416084872542739,-1.3081562001413645
Вологодская область,2015,0.42972083442451003,-1.3039897362194826
Вологодская область,2016,0.15470751022178875,-1.3760050072163297
Вологодская область,2017,1.1602025130017157,-0.6192235702410179
Вологодская область,2018,0.11481915146808701,-1.1661433251008713
Вологодская область,2019,0.23242810042841897,-0.975918464885676
Вологодская область,2020,1.1570769437683188,-0.24408949183513348
Вологодская область,2021,-0.00461418256464589,-0.7112845621660943
Вологодская область,2022,0.08199809465909468,-1.2694131876201173
Вологодская область,2023,-1.3616922468279469,-1.9250285507776688
Воронежская область,2007,0.06754806428467992,-0.8211851905142831
Воронежская область,2008,0.2872759077455528,-0.27611811450398843
Воронежская область,2009,-0.6760694372909027,-1.3604384901242
Воронежская область,2010,-1.134311160909836,-2.0956659691455704
Воронежская область,2011,-0.0789149226565994,-1.0747783011735652
Воронежская область,2012,0.6976511507943627,0.3175548262721649
Воронежская область,2013,0.13565900219122415,-1.1353362211676867
Воронежская область,2014,-0.512245251313824,-1.8522330505762308
Воронежская область,2015,0.004375631033422718,-1.814614500064219
Воронежская область,2016,1.4419981667830557,-0.3382458714254084
Воронежская область,2017,0.25459689992145873,-0.23506097313322133
Воронежская область,2018,0.3437368245944045,-0.6654506354350826
Воронежская область,2019,0.46965476758345215,-0.3491464527279077
Воронежская область,2020,-0.5009469890901163,-2.0934407447599024
Воронежская область,2021,0.6071817117985238,0.07398128403845135
Воронежская область,2022,0.509430893812446,-0.13775481964158187
Воронежская область,2023,-1.4656353790864085,-2.327969681303697
Забайкальский край,2007,0.5494560851464776,-0.7229745805694315
Забайкальский край,2008,0.7213943114974751,-0.8573600938371051
Забайкальский край,2009,0.7227184648092425,-0.8690714311568803
Забайкальский край,2010,0.4138031098131602,-0.726234033225157
Забайкальский край,2011,0.4411231329606071,-0.8784865605124428
Забайкальский край,2012,1.1438839533414336,-0.7138409062564814
Забайкальский край,2013,0.7329378426908023,-0.7964317295353929
Забайкальский край,2014,0.3232163312737013,-0.9731878676006346
Забайкальский край,2015,0.23905685017287384,-0.7725482025011662
Забайкальский край,2016,0.5317205559091042,-0.5463541386805919
Забайкальский край,2017,0.4815807189902606,-0.7716868229503582
Забайкальский край,2018,0.8129239892490604,-0.8941748978582298
Забайкальский край,2019,0.20706343908977495,-0.9018174557119536
Забайкальский край,2020,0.7294159037709617,-0.8551033452522995
Забайкальский край,2021,1.0898101602588905,-0.58609502009157
Забайкальский край,2022,0.8099551706156626,-0.8308151126799267
Забайкальский край,2023,-0.36233213123749136,-0.9208259923003803
Ивановская область,2007,-0.32615685959262514,-1.1217557161336025
Ивановская область,2008,1.8440380668200944,0.18876511751424188
Ивановская область,2009,-0.38957476172596933,-1.0618929425102615
Ивановская область,2010,-0.3732044856773791,-1.4699156480993125
Ивановская область,2011,-0.2753153409664827,-1.1220802750767986
Ивановская область,2012,0.5843591492046989,-0.3482106925282221
Ивановская область,2013,0.46143867141256645,-0.4259837058632176
Ивановская область,2014,-0.24592824496412127,-1.7279462511979837
Ивановская область,2015,0.29724850717584894,-1.205657279410332
Ивановская область,2016,0.4913283497160175,-0.370780354552607
Ивановская область,2017,0.976489314908163,-0.01249058133348607
Ивановская область,2018,-0.31926688994029667,-1.245508056191517
Ивановская область,2019,0.1049083696196264,-1.2801776027031573
Ивановская область,2020,0.284602485245551,-0.212718806839757
Ивановская область,2021,0.05584984237822852,-0.49562621586716477
Ивановская область,2022,-0.7957270413410561,-1.4449933809757423
Ивановская область,2023,-1.6632438641549434,-2.0510082446793354
Иркутская область,2007,0.6471084021644473,-0.9397229382680078
Иркутская область,2008,1.0926698938690642,-0.8125161091803864
Иркутская область,2009,0.932647870266774,-0.9837317850924034
Иркутская область,2010,0.5858595695796884,-1.2344013611782398
Иркутская область,2011,0.44092441173406494,-0.9382584897206153
Иркутская область,2012,0.8020458299743106,-0.5894647599474717
Иркутская область,2013,0.6038320582720303,-0.8936924691100482
Иркутская область,2014,0.20662225656554067,-1.0745330093728382
Иркутская область,2015,0.5493823934225351,-0.5641929340599134
Иркутская область,2016,0.28503120315496977,-0.5680584965121162
Иркутская область,2017,0.3560855741088578,-0.9488995536092469
Иркутская область,2018,0.4100344616136107,-1.0656353969115095
Иркутская область,2019,0.2913564668942805,-0.8597058848480428
Иркутская область,2020,0.6019632135847884,-0.7986671571473941
Иркутская область,2021,0.12275702759870133,-0.7623354277397583
Иркутская область,2022,0.9890808809463166,-0.749944737023844
Иркутская область,2023,-0.6210296728006961,-1.367285480944946
Кабардино-Балкарская Республика,2007,0.5618264425829698,-0.4095388204359645
Кабардино-Балкарская Республика,2008,1.121383611877639,-0.28184878508565847
Кабардино-Балкарская Республика,2009,0.9934327371360845,-0.2100851692424008
Кабардино-Балкарская Республика,2010,0.9319170331469245,0.21281377797909062
Кабардино-Балкарская Республика,2011,1.0636799331050961,0.126142719750354
Кабардино-Балкарская Республика,2012,0.6202745826494103,-0.683559847879661
Кабардино-Балкарская Республика,2013,1.0745396725875314,-0.1159673879078198
Кабардино-Балкарская Республика,2014,1.0093195490550577,-0.3892728707319184
Кабардино-Балкарская Республика,2015,0.6878221611340275,-0.24190848649155264
Кабардино-Балкарская Республика,2016,1.3261321307634908,-0.05031674896223652
Кабардино-Балкарская Республика,2017,0.9487582626826505,-0.618136021915644
Кабардино-Балкарская Республика,2018,0.7476007551631287,-0.2634888467071844
Кабардино-Балкарская Республика,2019,0.4311241495052986,-0.4146594100487195
Кабардино-Балкарская Республика,2020,0.212799036663098,-0.553495100218203
Кабардино-Балкарская Республика,2021,0.7548099371106175,0.01368651186218041
Кабардино-Балкарская Республика,2022,0.2739708128403984,-0.6471451257182634
Кабардино-Балкарская Республика,2023,-0.7542483441330546,-1.110394210487002
Калининградская область,2007,1.0404555309282835,-1.2972565358435066
Калининградская область,2008,0.3253976754266536,-0.6071700153696463
Калининградская область,2009,0.05135482203995367,-0.980816876374055
Калининградская область,2010,0.6029905309724221,-1.0249049329535005
Калининградская область,2011,0.6905889954518893,-1.1841599744131772
Калининградская область,2012,0.7890015353714549,-0.8107546667211413
Калининградская область,2013,-0.172256431538674,-1.0301852952106967
Калининградская область,2014,-0.0238701420971229,-1.0331643550392318
Калининградская область,2015,-0.11274956769771667,-0.9224658703037213
Калининградская область,2016,0.6343466266151699,-0.6353706530334224
Калининградская область,2017,1.1788573317106845,-0.19137453794191597
Калининградская область,2018,-0.4010724845752805,-1.1923220292052987
Калининградская область,2019,-0.08549494631896078,-1.1894054640647271
Калининградская область,2020,0.2035597529587844,-0.6790373315786586
Калининградская область,2021,0.586577898916879,-1.285621761539615
Калининградская область,2022,0.18474048223695708,-0.867162639688447
Калининградская область,2023,-1.5397383479179332,-2.0081321562731635
Калужская область,2007,0.07327571819591971,-0.8910402738595085
Калужская область,2008,1.0353655274897908,-0.1604335930556746
Калужская область,2009,0.3327882170420396,-1.309817519299082
Калужская область,2010,-0.41698039097022876,-0.8998142247037676
Калужская область,2011,0.5622088305019727,-1.5760636979872924
Калужская область,2012,0.9591249955526348,-0.28999222097649535
Калужская область,2013,1.210611039648331,-0.35939875597234494
Калужская область,2014,-1.0151202801838988,-1.4800519796243268
Калужская область,2015,0.2864501095165594,-0.9792749885533356
Калужская область,2016,0.9516190475827674,-0.0152481839475535
Калужская область,2017,0.394334827978786,-1.0677739946198528
Калужская область,2018,-0.5814444467793022,-1.2633177799463065
Калужская область,2019,0.20461744582256705,-1.1772688871032242
Калужская область,2020,1.1808264429257382,-0.7808951750621269
Калужская область,2021,0.5972303002661482,-0.03065663684414294
Калужская область,2022,0.7299233905795962,-0.10404162633588596
Калужская область,2023,-1.328065614520315,-2.167302221147207
Камчатский край,2007,-0.22438954729575647,-0.9889194967689072
Камчатский край,2008,-0.6019971357188005,-1.923621596096731
Камчатский край,2009,-0.29869593697224134,-0.5796932951072484
Камчатский край,2010,-0.674499010484455,-1.4000039733798935
Камчатский край,2011,-0.010802026999071476,-0.7542418449306628
Камчатский край,2012,-0.31609337948058,-1.0435537644253323
Камчатский край,2013,0.11708655258788371,-0.6385760315535332
Камчатский край,2014,-0.43905176018856107,-1.0838957118867942
Камчатский край,2015,-0.6574353501231818,-1.3841682947720029
Камчатский край,2016,-0.8642424673941952,-1.7955023574483908
Камчатский край,2017,0.2225790489012072,-0.6673917206431704
Камчатский край,2018,-0.10391025933731524,-0.6641449865248996
Камчатский край,2019,-0.4035699903268248,-1.0239313818210027
Камчатский край,2020,-0.24726941934115174,-1.2356084322938332
Камчатский край,2021,0.022622418593430574,-0.2816275656278524
Камчатский край,2022,-0.09619778752117196,-1.1172732911892025
Камчатский край,2023,-1.6415600722616783,-2.0385999065614584
Карачаево-Черкесская Республика,2007,0.2720137329936702,-0.6313523834102018
Карачаево-Черкесская Республика,2008,1.217247762684347,0.0776223897678796
Карачаево-Черкесская Республика,2009,0.9170558937374552,-0.16990818105009955
Карачаево-Черкесская Республика,2010,0.7310529042346482,0.2695802054082165
Карачаево-Черкесская Республика,2011,0.9419434159249077,0.09291670289648504
Карачаево-Черкесская Республика,2012,0.689724718559554,-0.7298007146649877
Карачаево-Черкесская Республика,2013,0.7182580204485557,-0.07752133352606297
Карачаево-Черкесская Республика,2014,1.1967711220018025,-0.34800230291953765
Карачаево-Черкесская Республика,2015,0.8288666412750411,-0.49291708841035586
Карачаево-Черкесская Республика,2016,1.026986737912718,-0.3901840429321497
Карачаево-Черкесская Республика,2017,0.9520651683399745,-0.728162914604369
Карачаево-Черкесская Республика,2018,0.5183596698905961,-0.4357791768257238
Карачаево-Черкесская Республика,2019,0.6197653435060905,-0.5146190841360441
Карачаево-Черкесская Республика,2020,0.2756525335600836,-0.6528229243367122
Карачаево-Черкесская Республика,2021,1.348866000863916,0.4745909500700911
Карачаево-Черкесская Республика,2022,0.2666738467893462,-0.7604886317791181
Карачаево-Черкесская Республика,2023,-0.7919747829140431,-1.615358251403472
Кемеровская область - Кузбасс,2007,0.8546774032802086,-0.4915501597718448
Кемеровская область - Кузбасс,2008,0.45414449115140815,-0.44866561062706856
Кемеровская область - Кузбасс,2009,0.9381182409629706,-1.006040094033552
Кемеровская область - Кузбасс,2010,0.31070305375017826,-0.7612273010592313
Кемеровская область - Кузбасс,2011,-0.006854637368832868,-1.038758947139978
Кемеровская область - Кузбасс,2012,-0.5911417243054243,-1.5679194734174198
Кемеровская область - Кузбасс,2013,1.0021951872994543,-0.2734795623505795
Кемеровская область - Кузбасс,2014,0.38188376268492447,-1.0113973107502199
Кемеровская область - Кузбасс,2015,0.7319977670419687,-0.1253346262200565
Кемеровская область - Кузбасс,2016,0.11430120479579552,-0.5297802730684963
Кемеровская область - Кузбасс,2017,0.29672512461519124,-1.3740921864131121
Кемеровская область - Кузбасс,2018,0.19674506214234092,-1.2400160267859743
Кемеровская область - Кузбасс,2019,-0.3645054644118522,-1.6271846869696438
Кемеровская область - Кузбасс,2020,-0.15404878571860872,-0.9427679864085128
Кемеровская область - Кузбасс,2021,-0.23679777633272373,-0.6257011853314166
Кемеровская область - Кузбасс,2022,-0.18686339942111518,-1.3574344332824797
Кемеровская область - Кузбасс,2023,-1.5140237728367554,-2.0461880406580897
Кировская область,2007,1.083129015765688,-0.5253076446671524
Кировская область,2008,0.5330573948712106,-0.5243481062273523
Кировская область,2009,0.10334742511833354,-1.350214692817197
Кировская область,2010,-0.8432791725569267,-1.6645875848404195
Кировская область,2011,-0.10398560694215638,-1.2609939783503092
Кировская область,2012,0.8541185953216904,-0.9233752212938903
Кировская область,2013,-0.30470762635749177,-0.8845004567093725
Кировская область,2014,-0.18341187918319604,-1.0647866452124972
Кировская область,2015,0.6177355222508929,-0.8843184467674887
Кировская область,2016,-0.15649435310494353,-1.1992799398493714
Кировская область,2017,1.34595140335393,0.13300564047589689
Кировская область,2018,0.2587146210613748,-0.8745997201917932
Кировская область,2019,0.42163638318393676,-0.8783514819547643
Кировская область,2020,0.6752903358606804,0.3453430250265314
Кировская область,2021,-0.5102627352755512,-0.7872134235601475
Кировская область,2022,0.009730998182904313,-1.0309187107988411
Кировская область,2023,-1.6549787393532005,-2.0491733838504
Костромская область,2007,0.17525879595480243,-1.2425380685980256
Костромская область,2008,1.299247271336933,0.045697287367796886
Костромская область,2009,-0.014933893171961032,-1.0640169205733099
Костромская область,2010,-0.39257176644054015,-1.277408022317035
Костромская область,2011,-0.19675711479209856,-1.5566640380352257
Костромская область,2012,0.65955383417128,-0.7489462061774473
Костромская область,2013,-0.020021043763510177,-0.6974158714041875
Костромская область,2014,-0.36569865137526164,-1.4449692910384242
Костромская область,2015,0.6730150067299551,-1.267046875103819
Костромская область,2016,0.2183062402551598,-0.7812998440077891
Костромская область,2017,1.13169268978244,-0.35203129184438453
Костромская область,2018,0.1967072470792398,-0.9196281844805831
Костромская область,2019,0.05875608114693701,-1.4224908876475868
Костромская область,2020,0.7557721925141413,0.028024757812335505
Костромская область,2021,-0.5357195423909652,-0.8908316569487171
Костромская область,2022,-0.3615441328508262,-1.2729069791993093
Костромская область,2023,-1.5866512991855444,-1.9941233935656022
Краснодарский край,2007,-0.4674586493905719,-0.9621308901330949
Краснодарский край,2008,0.7266931553338244,-0.7689026444183976
Краснодарский край,2009,0.5651989060680862,0.019147069322751984
Краснодарский край,2010,0.06271259377007943,-1.110659612826908
Краснодарский край,2011,0.7904037604622864,-1.0558178539477592
Краснодарский край,2012,-0.14914032086185214,-0.889167759439671
Краснодарский край,2013,-0.13488846984692093,-0.5194288304437449
Краснодарский край,2014,0.5285385743664411,-0.5628913227263722
Краснодарский край,2015,0.17433271371285997,-1.9015806383892275
Краснодарский край,2016,0.6633160997400668,-0.436530819379267
Краснодарский край,2017,0.3286684783672315,-1.640693477244255
Краснодарский край,2018,-0.9772980132656183,-1.8546980654501026
Краснодарский край,2019,-0.27592968340575,-0.6397545039344633
Краснодарский край,2020,-0.7372112638089715,-1.614122993285928
Краснодарский край,2021,1.8956028654839228,1.3334595579420785
Краснодарский край,2022,-0.27143299248521724,-0.9138255092241107
Краснодарский край,2023,-1.0018970757915577,-2.3782974548573943
Красноярский край,2007,0.8891095361788836,-1.0083667583297153
Красноярский край,2008,0.6279433325070195,-0.7032181152798368
Красноярский край,2009,0.1795915327159691,-1.0857199192076064
Красноярский край,2010,0.7525083350081182,-1.420986424806318
Красноярский край,2011,0.7350628589555915,-0.8188832214061671
Красноярский край,2012,0.09871617358505269,-1.005947228791032
Красноярский край,2013,-0.01375506403795391,-1.130892220635314
Красноярский край,2014,0.8616259772590439,-0.6193300252047669
Красноярский край,2015,0.6789064317133366,-0.7222614612147618
Красноярский край,2016,-0.13313835866534446,-0.9022089597819484
Красноярский край,2017,0.6511480003503319,-0.6225057425097087
Красноярский край,2018,0.2944351188151995,-0.8379176066704344
Красноярский край,2019,0.41890222646344116,-0.701493299022647
Красноярский край,2020,0.5905095681270779,-0.4468747825740845
Красноярский край,2021,0.4507950858522933,-1.0401328059520338
Красноярский край,2022,0.35965939920282297,-1.0163969487394444
Красноярский край,2023,-0.8372657252847548,-1.5105345751626515
Курганская область,2007,1.1172131180252258,-0.4846657992988436
Курганская область,2008,0.7728331051389773,-0.7379623913950781
Курганская область,2009,0.3916759922555384,-0.7308391761449162
Курганская область,2010,-0.7209543733906206,-1.1108675543386533
Курганская область,2011,1.1597825201689453,-0.37996471736454235
Курганская область,2012,-0.12481027341309181,-0.7364452695563869
Курганская область,2013,0.9007326066275909,0.07708892056389344
Курганская область,2014,0.9788533298706753,-0.2505831737294824
Курганская область,2015,1.0328819215168725,-1.1324813862514833
Курганская область,2016,0.9978824768075247,-0.2700828948409393
Курганская область,2017,0.5407817513577643,-0.9083436801560196
Курганская область,2018,0.7282483830635247,-0.4531856158431775
Курганская область,2019,0.6533341912995815,-0.5976179085259271
Курганская область,2020,0.42122358966082096,-0.004796123870738294
Курганская область,2021,-0.580237813830431,-1.4347648384020861
Курганская область,2022,0.3257585794408393,-0.8649593944053412
Курганская область,2023,-1.2178644042411544,-1.8620282666678276
Курская область,2007,0.06012571206007724,-1.0348386023453535
Курская область,2008,0.3683722999778047,0.01945229512255501
Курская область,2009,-0.2867257178619167,-0.7232177337639075
Курская область,2010,-0.9896202105663311,-1.3641051324988251
Курская область,2011,0.3514117714141907,-1.373851123685621
Курская область,2012,0.20931357573558118,-0.7384649889656226
Курская область,2013,0.444426159522686,-0.4173251889921071
Курская область,2014,-0.5581204208737247,-1.651632563427278
Курская область,2015,0.5488841448229366,-0.24550001738636706
Курская область,2016,1.9710322046695719,1.0555712486399824
Курская область,2017,-0.3125957906305228,-1.2262787377767483
Курская область,2018,0.048901368546744726,-1.1394010285986484
Курская область,2019,0.2644371637220095,-0.7003072780496111
Курская область,2020,0.550634291968111,-0.8540542206175942
Курская область,2021,0.5232767799312241,0.022607822592723658
Курская область,2022,0.930316367547425,0.2700938332653742
Курская область,2023,-1.57531404780536,-1.8874617945859113
Ленинградская область,2007,0.23024234161028376,-1.381582441588415
Ленинградская область,2008,0.4706054808268754,-0.7968609583374895
Ленинградская область,2009,0.46111193577162535,-1.316935298673371
Ленинградская область,2010,-0.07413473619833659,-0.877756727151793
Ленинградская область,2011,0.23832376790331447,-1.6178077788877676
Ленинградская область,2012,0.3712306460527848,-0.9468049525916149
Ленинградская область,2013,-0.1284617883155353,-1.5661481321372883
Ленинградская область,2014,0.19466331891891628,-1.4439709795299365
Ленинградская область,2015,0.1394444623609856,-0.7947427477374427
Ленинградская область,2016,1.0147177092425004,-1.1761236635754821
Ленинградская область,2017,0.7578990648483565,-0.5497967804112379
Ленинградская область,2018,-0.19988760067398123,-0.9736638429016049
Ленинградская область,2019,-0.2842788141603993,-1.0925691930519132
Ленинградская область,2020,0.31826562286454757,-0.3284857919632635
Ленинградская область,2021,0.17847578013048604,-0.7581160933006694
Ленинградская область,2022,-0.18655462723329488,-1.4558871311840595
Ленинградская область,2023,-1.7208741823121023,-2.2548214137026665
Липецкая область,2007,0.01131960360907965,-0.8405437374427849
Липецкая область,2008,0.42922139575411883,-0.17218045549917255
Липецкая область,2009,-0.38541892925475957,-0.8487666731769868
Липецкая область,2010,-0.9342509333886605,-1.4981019931528499
Липецкая область,2011,0.009823428452966021,-1.134387247214934
Липецкая область,2012,0.9515394419090827,0.05407200487786637
Липецкая область,2013,0.5852666771671805,-0.38412231257648777
Липецкая область,2014,-0.8015511045443349,-2.3575581618629884
Липецкая область,2015,0.5452027799082603,-0.5367080026258502
Липецкая область,2016,1.7944273475227777,0.6227692054731898
Липецкая область,2017,-0.05344934344910224,-0.5800755334745523
Липецкая область,2018,-0.4119868896582544,-1.031949672962869
Липецкая область,2019,0.1228661261910502,-0.8874433313168364
Липецкая область,2020,0.14867315173710924,-1.659709889472197
Липецкая область,2021,0.1894087220634976,-0.30328183243544615
Липецкая область,2022,0.5489310439179721,-0.013226518591837303
Липецкая область,2023,-1.5288451742599738,-1.8109683186033816
Московская область,2007,-0.15000205419782864,-0.9737643489640703
Московская область,2008,1.4143738492625542,-0.13739281219180421
Московская область,2009,0.370151196659414,-1.2232081153744758
Московская область,2010,-0.44529142057467336,-1.0544944715205682
Московская область,2011,-0.03017739184792519,-1.170499361190004
Московская область,2012,0.8348625628261757,-0.13137946592530206
Московская область,2013,1.054075131158428,-0.3750682240795661
Московская область,2014,-0.888916169979521,-1.8436903691312843
Московская область,2015,0.3130970946617675,-1.0788974968213034
Московская область,2016,0.8395488320119515,-0.35612368009394874
Московская область,2017,0.7987119900920164,-0.27209923890155047
Московская область,2018,-0.4559770751320913,-1.102567890684577
Московская область,2019,0.2609777906381789,-1.0651993215775046
Московская область,2020,1.2438561240642934,-0.7091464180082561
Московская область,2021,0.42091447907770724,0.026167814138338897
Московская область,2022,-0.1422757374721095,-0.8099025480645226
Московская область,2023,-1.4184327608762308,-1.9672322532852635
Нижегородская область,2007,0.27005902767798834,-0.9418486834671393
Нижегородская область,2008,1.3758135366584658,-0.2596126574768845
Нижегородская область,2009,0.07501113021343865,-1.358658093113324
Нижегородская область,2010,-0.9966976053826863,-1.6733874589213964
Нижегородская область,2011,0.21495095109300136,-1.0915260390357975
Нижегородская область,2012,0.6711876637794507,-0.222123400168592
Нижегородская область,2013,0.8420492092443418,-0.46295107085338777
Нижегородская область,2014,-0.6117099741237653,-1.9791397918829863
Нижегородская область,2015,0.2680998916527814,-1.087166971196227
Нижегородская область,2016,0.2316278756255851,-0.49684312265006325
Нижегородская область,2017,1.2649362685184993,-0.2085358783326174
Нижегородская область,2018,-0.3549689115379951,-1.080001711199554
Нижегородская область,2019,-0.108652662020939,-1.1787831630586236
Нижегородская область,2020,0.6076379330760692,0.1323327165795984
Нижегородская область,2021,-0.3748015553735618,-1.2500716227216349
Нижегородская область,2022,-0.1987022586879277,-0.997934422292986
Нижегородская область,2023,-1.482273260694388,-1.994806437610375
Новгородская область,2007,-0.1725040793683662,-1.4479859473448908
Новгородская область,2008,0.5867138306012274,-0.7607443260545318
Новгородская область,2009,0.8678325144377261,-1.103337656789465
Новгородская область,2010,0.015153570218721858,-0.7164715906576775
Новгородская область,2011,0.2723704465726356,-1.3799124051186042
Новгородская область,2012,0.19723008403996126,-0.6670799411304671
Новгородская область,2013,0.0021571576915770385,-1.4108478933971154
Новгородская область,2014,-0.02746569335740001,-1.6097796114819518
Новгородская область,2015,-0.2852032115392249,-1.1044674806450039
Новгородская область,2016,1.0719103595767672,-0.6065162736492994
Новгородская область,2017,1.1568538502913046,-0.2935956925074956
Новгородская область,2018,-0.05386636984357344,-0.9803462100329271
Новгородская область,2019,0.3942965176269621,-1.2505936080776743
Новгородская область,2020,0.601079542787946,-0.12159684021693028
Новгородская область,2021,0.43149342644794914,-0.6584157762970956
Новгородская область,2022,-0.4220096566648941,-1.4159191109838696
Новгородская область,2023,-1.8132630887718049,-2.295183144892302
Новосибирская область,2007,0.9122515528260746,-0.7179269080945966
Новосибирская область,2008,0.32545385892398765,-0.6943448593585712
Новосибирская область,2009,1.472947180494324,-0.8430068151452732
Новосибирская область,2010,0.1670426981605813,-0.6612176369156468
Новосибирская область,2011,0.5006422691245314,-0.7446861705639412
Новосибирская область,2012,-0.5320312571205238,-1.4174912815355734
Новосибирская область,2013,1.3268054827271027,-0.39266092313793405
Новосибирская область,2014,-0.08989139405008229,-0.7874359187107547
Новосибирская область,2015,0.7738932257292785,-0.5010999684661072
Новосибирская область,2016,0.4829363038541179,-0.66059180610676
Новосибирская область,2017,0.35980401523488365,-1.0337369936539191
Новосибирская область,2018,1.2299584206698093,-0.6011070030816789
Новосибирская область,2019,-0.13551776972837978,-1.1793439006703224
Новосибирская область,2020,-0.003143486802352028,-0.7106575165947225
Новосибирская область,2021,0.21650199020237834,-0.7883334209622463
Новосибирская область,2022,-0.31068422002937074,-1.2613344751169746
Новосибирская область,2023,-1.301255020832924,-1.980856876160801
Омская область,2007,1.5040317981294102,-0.4347421946442227
Омская область,2008,0.2769806678597246,-0.7188593572580804
Омская область,2009,0.8463963379910622,-0.905618468568018
Омская область,2010,-0.22093149738477938,-1.0071858258561932
Омская область,2011,0.5991400878477712,-0.31344681955209275
Омская область,2012,0.18734896250188082,-1.12011365339118
Омская область,2013,0.7851202068052765,-0.33944403694945297
Омская область,2014,0.7116397280315727,-0.5727091140458089
Омская область,2015,1.101575963054725,-0.7671542124988536
Омская область,2016,0.512492370924153,-0.584386524156316
Омская область,2017,0.30470004940363976,-0.872758799321248
Омская область,2018,1.2862532651875624,-0.5612808638678922
Омская область,2019,0.45271987188656243,-0.9959005685179844
Омская область,2020,0.22555805218531977,-0.16906023336657935
Омская область,2021,0.17569344586400593,-0.8356990352163141
Омская область,2022,0.17266798224284732,-1.161563740091477
Омская область,2023,-1.1478117117537276,-1.9260935541582629
Оренбургская область,2007,0.9381601568887793,-0.5192611779388997
Оренбургская область,2008,0.8489061777703822,0.1547559797919561
Оренбургская область,2009,0.10346456994807053,-0.7328285128458724
Оренбургская область,2010,-1.0470661226226394,-1.8989418961602866
Оренбургская область,2011,0.8009879329074586,0.3646659599730434
Оренбургская область,2012,-0.461803243543694,-1.1930421837661194
Оренбургская область,2013,0.5549301823250338,-0.5958813821018708
Оренбургская область,2014,-0.9526176981143984,-1.739894124716259
Оренбургская область,2015,-0.22581599611871875,-1.2431841542800801
Оренбургская область,2016,0.0690122992461974,-1.5681425408416436
Оренбургская область,2017,0.06723493793667486,-1.7160904239767254
Оренбургская область,2018,-0.44454214013579696,-1.1252226438149562
Оренбургская область,2019,-0.008238420923355435,-0.9838723921205206
Оренбургская область,2020,-0.0008435098856628895,-0.4015315385075424
Оренбургская область,2021,-0.934902309344988,-1.4936378429725519
Оренбургская область,2022,0.29415277779431137,-1.4336071323720208
Оренбургская область,2023,-1.430047530789799,-1.679139082755097
Орловская область,2007,0.07902965074326988,-0.9278311664561609
Орловская область,2008,0.7080202933754219,-0.1770362056355945
Орловская область,2009,-0.27338797756814404,-1.126340665753796
Орловская область,2010,-0.859529300499923,-1.094504281157092
Орловская область,2011,0.5514277176960661,-1.2631626959802982
Орловская область,2012,0.14116233619014532,-0.4214074097367686
Орловская область,2013,0.38956082031546874,-0.6415255308926737
Орловская область,2014,-0.817438959256029,-1.9024164321352728
Орловская область,2015,0.3678792268261062,-0.5040957651113652
Орловская область,2016,2.028917279108528,1.219582626297178
Орловская область,2017,0.12124855929209426,-1.1390255654707797
Орловская область,2018,-0.5335642805670696,-1.2226091024008008
Орловская область,2019,0.31200696556584323,-0.7379648256169521
Орловская область,2020,0.6993632225728678,-0.8052693682433638
Орловская область,2021,0.7625315571371306,-0.07908074822786114
Орловская область,2022,1.0152815515520122,0.35235265551008427
Орловская область,2023,-1.6334193135177815,-2.0223070902099853
Пензенская область,2007,0.4765037934227317,-0.5917653235180299
Пензенская область,2008,0.6588011277006303,-0.34535632319977133
Пензенская область,2009,-0.08581600464472165,-1.1288515315892222
Пензенская область,2010,-1.4841233218532333,-2.1187630990898443
Пензенская область,2011,0.29845434657559305,-0.9883720567715012
Пензенская область,2012,0.43038493220723145,-0.1561299321061702
Пензенская область,2013,0.9025625651315613,-0.5481364722713652
Пензенская область,2014,-0.6574228848676021,-1.3034080412886595
Пензенская область,2015,-0.5456584539548422,-1.2930310909624552
Пензенская область,2016,0.9247411130066071,0.06678778764214655
Пензенская область,2017,1.0856926537965508,-0.006805344612861645
Пензенская область,2018,-0.33766807899867307,-0.7416306154688729
Пензенская область,2019,-0.6250822457135512,-1.534547290996818
Пензенская область,2020,0.6805766384146507,-1.1756076547817829
Пензенская область,2021,0.45802293543746203,-0.18431412155684118
Пензенская область,2022,0.24501134548415812,-0.390577915037621
Пензенская область,2023,-1.6028367075369647,-1.9493734869982595
Пермский край,2007,0.9108954933635679,-0.8485243790975052
Пермский край,2008,0.5081568950104005,-0.6493997518516875
Пермский край,2009,0.10798531959932699,-0.7496498321631304
Пермский край,2010,-0.5928085569826357,-1.370266591494561
Пермский край,2011,0.26910230401851215,-0.9068219580088811
Пермский край,2012,0.40770677677051975,-0.9287038034436124
Пермский край,2013,-0.18024779693926876,-0.49878033512415637
Пермский край,2014,0.3385636342806914,-0.5031082460166599
Пермский край,2015,0.8494627237309959,-0.9688034774115227
Пермский край,2016,-0.36032194321403455,-0.8554389402126036
Пермский край,2017,1.2826816798903091,-0.13929186069668623
Пермский край,2018,0.25719757204643257,-0.9563344690903024
Пермский край,2019,1.1811431776833816,-0.5972816134168176
Пермский край,2020,0.10449213977913153,-0.3057351442635516
Пермский край,2021,-0.19979748366093783,-0.8823635714464875
Пермский край,2022,-0.10867609241681946,-1.1109359732100768
Пермский край,2023,-1.6253972588571848,-1.9686554796749973
Приморский край,2007,0.2977089826036436,-0.3075308752532278
Приморский край,2008,0.3630488679772245,-0.9780695269622344
Приморский край,2009,0.5312310104740968,-0.6334627281688322
Приморский край,2010,0.63335730691092,-0.41660137835686717
Приморский край,2011,0.29304856850502853,-1.060315578684389
Приморский край,2012,0.5131083928817649,-0.8429465943117568
Приморский край,2013,0.852262332068405,-0.6027810758266035
Приморский край,2014,0.20191684155978584,-1.3308199571832924
Приморский край,2015,0.8896675174417427,-0.3931198707792218
Приморский край,2016,1.0704621022410281,-0.47030196801326507
Приморский край,2017,0.3823538134879522,-0.8825747126292067
Приморский край,2018,0.6675997799394094,-0.9756444935447939
Приморский край,2019,0.5250412442485616,-1.2158269258207541
Приморский край,2020,0.8763550079733541,-0.47507730498463474
Приморский край,2021,0.10004019962757575,-0.8007742539593975
Приморский край,2022,0.7090215892335011,-0.7091954622306019
Приморский край,2023,-0.2282794035128025,-1.2331410668466607
Псковская область,2007,-0.18314148132206035,-1.2746046958925719
Псковская область,2008,0.8265563925804148,-0.31854528215974115
Псковская область,2009,0.638291777226502,-1.3440868023138965
Псковская область,2010,0.26242431030577423,-0.5916786649325841
Псковская область,2011,-0.029318720087530375,-1.7092647381186248
Псковская область,2012,0.47225632958966807,-0.2115702110934656
Псковская область,2013,0.15150889280811256,-1.1973448091918764
Псковская область,2014,0.054597585110620524,-1.6460339155022712
Псковская область,2015,-0.3524583219747503,-1.119512824072651
Псковская область,2016,1.0350373135849533,-0.3145921484890841
Псковская область,2017,1.213267807666168,-0.24957393727268856
Псковская область,2018,-0.5144270035252724,-1.505818615920425
Псковская область,2019,0.349849332618823,-1.4182788818388454
Псковская область,2020,0.1757605842211328,-0.3782939204107833
Псковская область,2021,0.5234160693632998,-0.8381865967405951
Псковская область,2022,-0.2586075146733086,-1.3172877340784996
Псковская область,2023,-1.9084222893114287,-2.494239440104618
Республика Адыгея,2007,-0.04726427742766054,-0.45434044944763413
Республика Адыгея,2008,0.917007553546559,-0.6150160894773068
Республика Адыгея,2009,0.8071120359023688,0.049135998260434514
Республика Адыгея,2010,0.36907256674491906,-0.4333836841312227
Республика Адыгея,2011,1.1007363615616765,-0.7430942083149952
Республика Адыгея,2012,-0.03362774810255581,-0.5783679356914937
Республика Адыгея,2013,-0.07820985403314434,-0.4973723226190171
Республика Адыгея,2014,0.7391112076764105,-0.5279776329307363
Республика Адыгея,2015,0.31693056239640877,-1.3977137507379405
Республика Адыгея,2016,0.7474171198924324,-1.0372974202779155
Республика Адыгея,2017,0.5017741541362136,-1.215334966542435
Республика Адыгея,2018,-0.6334306976441875,-1.7292170921724885
Республика Адыгея,2019,0.1715375189250535,-0.2771278755653762
Республика Адыгея,2020,-0.45710926552496983,-1.4297215024249394
Республика Адыгея,2021,1.4080948297513365,0.7460429307779177
Республика Адыгея,2022,-0.4014092048803161,-0.7732896213212125
Республика Адыгея,2023,-1.1274508559874232,-2.776130665223086
Республика Алтай,2007,0.7948283759613289,-0.8639343703390058
Республика Алтай,2008,0.456360689799672,-0.6376849889650595
Республика Алтай,2009,1.0157731080895256,-0.5676779282281179
Республика Алтай,2010,0.7656126834353757,-0.7625659326683725
Республика Алтай,2011,0.18825751494020762,-1.0605285872188728
Республика Алтай,2012,0.46311944681417333,-1.0576271435182079
Республика Алтай,2013,0.8965800764205624,-0.6422842200584779
Республика Алтай,2014,0.6823927551408749,-0.9111956345403788
Республика Алтай,2015,0.6935004625632093,-0.44528007402293174
Республика Алтай,2016,0.831136947178755,-0.43073292746441305
Республика Алтай,2017,0.28166405246498355,-1.0863004169279744
Республика Алтай,2018,0.7768083219004005,0.0722895874873363
Республика Алтай,2019,0.6018692176189743,-1.0114804235085324
Республика Алтай,2020,0.6915762388182168,-0.9868467108740854
Республика Алтай,2021,0.5598191593575023,-0.3346404517851033
Республика Алтай,2022,0.2451590566328621,-0.8388047936721866
Республика Алтай,2023,-0.5777606214855032,-1.2395379751624545
Республика Башкортостан,2007,1.5043912835827535,0.45330933105561333
Республика Башкортостан,2008,0.6885748223299065,0.24499406295115897
Республика Башкортостан,2009,-0.05983357448384761,-0.4699607391887511
Республика Башкортостан,2010,-1.074119156439601,-1.7634470058296638
Республика Башкортостан,2011,0.7189567105284344,-0.2872222023777698
Республика Башкортостан,2012,-0.5230592910849818,-1.0120514752788892
Республика Башкортостан,2013,0.6534737986284543,-0.4965910850559761
Республика Башкортостан,2014,-0.038758018079057086,-0.5670859476010655
Республика Башкортостан,2015,0.7387351333164528,-0.6706178834439812
Республика Башкортостан,2016,-0.5827980047483233,-1.5420954778263722
Республика Башкортостан,2017,0.8182501718468217,-0.5574082193630072
Республика Башкортостан,2018,0.10954095846391465,-0.5187295226621494
Республика Башкортостан,2019,0.5907111058427141,-0.7426222871587829
Республика Башкортостан,2020,0.45404329684052924,-0.07494031854722506
Республика Башкортостан,2021,-1.06580562549504,-1.4224252148854855
Республика Башкортостан,2022,0.35086922860341296,-1.62859758224879
Республика Башкортостан,2023,-1.7650820462635188,-2.1752570870683705
Республика Бурятия,2007,0.6944938500661816,-0.7664059546700465
Республика Бурятия,2008,1.0049247032212507,-0.8436768664942912
Республика Бурятия,2009,0.8384713084703034,-0.9290040988899997
Республика Бурятия,2010,0.41657237711004047,-0.8974794479845847
Республика Бурятия,2011,0.482051456185095,-0.8545428359889139
Республика Бурятия,2012,0.9135422674240532,-0.5619614255743726
Республика Бурятия,2013,0.5620034905358112,-0.880905138818829
Республика Бурятия,2014,0.29666756678937284,-0.9527506940453931
Республика Бурятия,2015,0.14061644635537818,-0.7973622060049348
Республика Бурятия,2016,0.30303591444136546,-0.6507914533893858
Республика Бурятия,2017,0.3707508671771705,-0.9153439891704905
Республика Бурятия,2018,0.7519376153258027,-0.9504842871213207
Республика Бурятия,2019,0.26609366720417493,-0.9684484608115332
Республика Бурятия,2020,0.8661821277051761,-0.8257095338238756
Республика Бурятия,2021,0.8077867165232434,-0.7296866572999681
Республика Бурятия,2022,0.575627674835404,-0.8464644691872486
Республика Бурятия,2023,-0.2860698752163911,-1.128807322408151
Республика Дагестан,2007,0.34162516318865427,-0.37302172068538964
Республика Дагестан,2008,1.301347568123266,-0.43668929656262684
Республика Дагестан,2009,1.3007657964492407,-0.3407230635319028
Республика Дагестан,2010,0.43665727399033666,-0.2134010233514217
Республика Дагестан,2011,0.9583934492599094,0.03803577838211251
Республика Дагестан,2012,0.7684884560649587,-0.6106703726173576
Республика Дагестан,2013,1.4053513465914182,-0.0685485003539078
Республика Дагестан,2014,0.31415749647343144,-0.4397513534928935
Республика Дагестан,2015,0.412949586261009,0.019655568582037614
Республика Дагестан,2016,1.4573261337978431,0.07414171744844254
Республика Дагестан,2017,0.4357741595578933,-0.8130958948927698
Республика Дагестан,2018,0.7438591821215059,0.014401884077935556
Республика Дагестан,2019,0.40971741448985055,-0.39476598662653356
Республика Дагестан,2020,0.3713337868669549,-0.6650202933247668
Республика Дагестан,2021,0.4378479037862791,-0.20686477944996906
Республика Дагестан,2022,0.25816255501885815,-0.7068715313639526
Республика Дагестан,2023,-0.786675600595994,-1.409549230994255
Республика Ингушетия,2007,0.5671319046019994,-0.38988218097271293
Республика Ингушетия,2008,1.1263790264188247,-0.3864312035145264
Республика Ингушетия,2009,1.3071996038692735,-0.38832397901400084
Республика Ингушетия,2010,0.7907978471683839,0.010812006389516217
Республика Ингушетия,2011,0.9558005419456639,-0.20914976996015797
Республика Ингушетия,2012,0.97505435053796,-0.4905890127634491
Республика Ингушетия,2013,1.0801419788552793,-0.08873351480573317
Республика Ингушетия,2014,1.0782248049135648,-0.19726904405979673
Республика Ингушетия,2015,0.5915386243275221,-0.4789182478125834
Республика Ингушетия,2016,1.261025872160393,-0.1553849734347417
Республика Ингушетия,2017,0.6647228566004929,-0.5263359466989556
Республика Ингушетия,2018,0.7575930736101171,-0.3086570806978919
Республика Ингушетия,2019,0.43078348637014,-0.24380397358157901
Республика Ингушетия,2020,0.288542126836759,-0.6519813989151707
Республика Ингушетия,2021,0.40471550446101306,-0.3406232209392673
Республика Ингушетия,2022,0.3510524577322089,-0.5755739273481016
Республика Ингушетия,2023,-0.7560694954737158,-1.1701584435567827
Республика Калмыкия,2007,-0.40402822796537713,-0.9829311527892615
Республика Калмыкия,2008,1.231885209037074,-0.5349839713346731
Республика Калмыкия,2009,0.7573584490626702,0.23714490033548669
Республика Калмыкия,2010,-0.23707149659222904,-1.9571915620034086
Республика Калмыкия,2011,0.9135704141744069,-0.9097847259497057
Республика Калмыкия,2012,-0.21414355141629518,-0.973114810951484
Республика Калмыкия,2013,0.22051433467769685,-0.420265412733949
Республика Калмыкия,2014,-0.74750214189636,-1.7854141439996443
Республика Калмыкия,2015,-0.5926363006750353,-1.6679683734047859
Республика Калмыкия,2016,1.0042776804868951,-0.19230412264406282
Республика Калмыкия,2017,-0.3160858588340232,-1.9494069398331857
Республика Калмыкия,2018,-0.2612292870557443,-2.1913390938992254
Республика Калмыкия,2019,0.27534893680212297,-0.8942841965970931
Республика Калмыкия,2020,-0.6160809462050768,-2.1993126191399264
Республика Калмыкия,2021,0.688013540680252,-0.7182455925728348
Республика Калмыкия,2022,-0.25402747380835633,-1.4112660110497648
Республика Калмыкия,2023,-1.0851306298481465,-1.995908853917835
Республика Карелия,2007,0.7313469896109783,-1.143508300984493
Республика Карелия,2008,0.2626740333703091,-0.7976182197759868
Республика Карелия,2009,0.23698441675259066,-1.568631996987296
Республика Карелия,2010,-0.10850745204094474,-0.9370914824769744
Республика Карелия,2011,-0.27611760025774806,-1.5009280649793733
Республика Карелия,2012,0.9007094987429688,-1.1280739127905268
Республика Карелия,2013,-0.2977085929065843,-1.454802836583733
Республика Карелия,2014,-0.06963381272484269,-1.3493815561658473
Республика Карелия,2015,0.5863379120362366,-0.5554005885745398
Республика Карелия,2016,0.6302057876100249,-1.3260668284609978
Республика Карелия,2017,0.6169328070259185,-0.8222219292969755
Республика Карелия,2018,-0.18906249057662997,-1.2238863379932554
Республика Карелия,2019,0.008383887705139675,-0.6813598041024332
Республика Карелия,2020,0.3429659260278303,-0.7977337636812183
Республика Карелия,2021,-0.07935168137258736,-1.1882704642523312
Республика Карелия,2022,-0.06661209429974561,-1.1821258360828775
Республика Карелия,2023,-1.2300387949200633,-1.9874526552486695
Республика Коми,2007,0.9880681487207706,-1.1708425415976584
Республика Коми,2008,0.3677266284023135,-0.31815315386059256
Республика Коми,2009,0.1992145223989683,-1.0748349396740564
Республика Коми,2010,-0.04005860916133447,-1.3214586399973496
Республика Коми,2011,-0.39079127506471595,-0.8428582765929317
Республика Коми,2012,0.5793375300021345,-1.289724497281568
Республика Коми,2013,-0.48095512420716374,-1.1173535998398885
Республика Коми,2014,0.32295723495573464,-0.5917682611724111
Республика Коми,2015,0.46047006284570324,-0.7850116639208158
Республика Коми,2016,-0.08825897626630556,-1.2372554621277616
Республика Коми,2017,0.8091628596631663,0.15536077188071887
Республика Коми,2018,-0.03426738753268025,-0.9922230888823076
Республика Коми,2019,1.4159877866622832,-0.5564658643327545
Республика Коми,2020,0.34408916100201364,-0.10324381050991516
Республика Коми,2021,0.20956850151930698,-1.2588466571614196
Республика Коми,2022,-0.3657567872350436,-1.0763467363945078
Республика Коми,2023,-1.386556987983741,-1.9464693810232276
Республика Марий Эл,2007,0.8772641678455574,-0.2760815355215338
Республика Марий Эл,2008,0.7583971558980448,-0.8669197408963154
Республика Марий Эл,2009,-0.2768963630831723,-1.6050587508814702
Республика Марий Эл,2010,-1.4423376701041217,-1.8621554503439555
Республика Марий Эл,2011,0.41032098828684443,-0.8858293378759942
Республика Марий Эл,2012,0.7687588380483668,-0.5004458259108864
Республика Марий Эл,2013,0.3617898591505366,-0.8485385563771605
Республика Марий Эл,2014,-0.5550160584114059,-1.6155886742444034
Республика Марий Эл,2015,0.5369040226268825,-0.6124801569544427
Республика Марий Эл,2016,-0.28968597573707827,-0.9080431899405644
Республика Марий Эл,2017,1.4150514021103398,0.0418951849142349
Республика Марий Эл,2018,-0.23649479411012517,-0.8086838617146025
Республика Марий Эл,2019,0.060296969006274036,-0.7726829407442711
Республика Марий Эл,2020,0.9883230036585227,0.531927797727703
Республика Марий Эл,2021,-0.6551167377971464,-0.9858321391673691
Республика Марий Эл,2022,0.20434593179299895,-0.2175246109894995
Республика Марий Эл,2023,-2.021385785765609,-2.2886547641554538
Республика Мордовия,2007,0.5746269206319695,-0.49828501007185044
Республика Мордовия,2008,0.866575068241548,-0.5340567296231575
Республика Мордовия,2009,0.1600328946807392,-1.2331045824892182
Республика Мордовия,2010,-1.2778676024113231,-1.7813377042948495
Республика Мордовия,2011,0.24952900121450639,-0.9386542470592938
Республика Мордовия,2012,0.7274684352753007,0.040827952822021125
Республика Мордовия,2013,1.1532969774800137,-0.1911016968949122
Республика Мордовия,2014,-0.6961692727918144,-1.5777818925359384
Республика Мордовия,2015,-0.29105768320847786,-1.0955270685194802
Республика Мордовия,2016,0.5652209096416719,0.21925376584704218
Республика Мордовия,2017,1.1587016987874679,-0.16696019466227777
Республика Мордовия,2018,-0.5785532124782855,-0.8432168745918567
Республика Мордовия,2019,-0.7292291839417283,-1.3563452965152352
Республика Мордовия,2020,0.9150470527324676,-0.7363934187553629
Республика Мордовия,2021,0.11785082859663278,-0.26820484338952455
Республика Мордовия,2022,0.32435238253310045,-0.27306382151138114
Республика Мордовия,2023,-1.6546751437819633,-1.9315772794054775
Республика Саха (Якутия),2007,0.9184209556587586,-1.0275335845860192
Республика Саха (Якутия),2008,0.7782431840757136,-0.7241798857950444
Республика Саха (Якутия),2009,0.39937165053677265,-1.0105456609631318
Республика Саха (Якутия),2010,0.6268655194531222,-1.088015235793856
Республика Саха (Якутия),2011,0.4924458580895461,-0.8765137822837545
Республика Саха (Якутия),2012,0.5430958530165468,-0.8989202319165976
Республика Саха (Якутия),2013,0.666385063708383,-1.1282618980990313
Республика Саха (Якутия),2014,0.663490743251185,-0.7487821729416608
Республика Саха (Якутия),2015,0.6379798116987848,-0.865428214324597
Республика Саха (Якутия),2016,0.7516913449257809,-0.9299254006774517
Республика Саха (Якутия),2017,0.5354690330049762,-0.8547577846291168
Республика Саха (Якутия),2018,0.2976867692157576,-0.8960279852727968
Республика Саха (Якутия),2019,0.19928593149382148,-0.8538153937040989
Республика Саха (Якутия),2020,0.2550079534818474,-0.7296389761836128
Республика Саха (Якутия),2021,0.387812525470858,-0.781524740388108
Республика Саха (Якутия),2022,0.6307239782656119,-1.0038642601876555
Республика Саха (Якутия),2023,-0.6139930514080865,-1.1810445738936197
Республика Северная Осетия-Алания,2007,0.6317198538634472,-0.34024534126709544
Республика Северная Осетия-Алания,2008,1.073123115300372,-0.3620592152538715
Республика Северная Осетия-Алания,2009,1.261565240445422,-0.22421746118747526
Республика Северная Осетия-Алания,2010,0.8907106429636064,0.014216370027642696
Республика Северная Осетия-Алания,2011,0.8724690232253204,-0.2222903933109506
Республика Северная Осетия-Алания,2012,0.7728839025228041,-0.5505258510406378
Республика Северная Осетия-Алания,2013,0.9153461620316797,-0.2461105797568978
Республика Северная Осетия-Алания,2014,1.078736394477035,-0.36085238013494314
Республика Северная Осетия-Алания,2015,0.6528449825045061,-0.4786919233689403
Республика Северная Осетия-Алания,2016,1.2304889723364403,-0.22596572712753918
Республика Северная Осетия-Алания,2017,0.713699656116895,-0.5679071884442821
Республика Северная Осетия-Алания,2018,0.8343138202708041,-0.4151061412143455
Республика Северная Осетия-Алания,2019,0.5849229562220652,-0.41610448313481185
Республика Северная Осетия-Алания,2020,0.4400911351494432,-0.6182136114969515
Республика Северная Осетия-Алания,2021,0.5796428958580199,-0.17831500201800268
Республика Северная Осетия-Алания,2022,0.499506155113375,-0.5600690417071157
Республика Северная Осетия-Алания,2023,-0.5907413817866063,-0.9880527920548334
Республика Татарстан,2007,1.371063640888635,-0.058964665722575006
Республика Татарстан,2008,0.617942892352607,-0.7304372438915232
Республика Татарстан,2009,-0.4963224895469078,-1.3797985889755549
Республика Татарстан,2010,-1.641600752027925,-2.2946177555628906
Республика Татарстан,2011,0.5496151456667175,-0.47238578179950774
Республика Татарстан,2012,0.061111993412702514,-0.5273926440176095
Республика Татарстан,2013,0.29229793671750454,-0.9810731213996009
Республика Татарстан,2014,-0.1443482739320971,-1.0868482379905742
Республика Татарстан,2015,0.29253637905879354,-0.8331437135210253
Республика Татарстан,2016,-0.1321934537045058,-0.8268576178360965
Республика Татарстан,2017,1.0256877243996947,-0.3203916389692654
Республика Татарстан,2018,-0.1783641013262279,-0.4939319316000493
Республика Татарстан,2019,0.48980754403759236,-0.48173574469071345
Республика Татарстан,2020,0.5324769599455592,0.15348653984095353
Республика Татарстан,2021,-0.7427302482287322,-1.2992996165880133
Республика Татарстан,2022,0.4915850374045074,-1.13459546510205
Республика Татарстан,2023,-2.162498037496198,-2.4054734805230433
Республика Тыва,2007,0.5334161051874419,-0.7540728577803008
Республика Тыва,2008,0.5831560243615065,-0.7047464502957472
Республика Тыва,2009,0.6848428896872906,-0.8645780436638058
Республика Тыва,2010,0.6479148527168417,-0.645268897270339
Республика Тыва,2011,0.5025837285905551,-0.923474781900164
Республика Тыва,2012,0.4388930101478313,-0.7263251399670555
Республика Тыва,2013,0.707882534499522,-0.5656755720117973
Республика Тыва,2014,0.15805861606649274,-0.9490963643852487
Республика Тыва,2015,0.3861700163937705,-0.6755910037979825
Республика Тыва,2016,0.8715414786437806,-0.2596619623580319
Республика Тыва,2017,0.4818451417349691,-0.8721558297842217
Республика Тыва,2018,0.8796634681606296,-0.6312490821016516
Республика Тыва,2019,0.9208408119632754,-1.0336410628744233
Республика Тыва,2020,1.0472806406844484,-0.9597303014582365
Республика Тыва,2021,0.998817566027884,-0.5117276284464407
Республика Тыва,2022,0.09677583786241899,-0.8773435235556558
Республика Тыва,2023,-0.4021238061288459,-1.1416346741035182
Республика Хакасия,2007,0.7865134755582927,-0.8932260154575286
Республика Хакасия,2008,0.7191774469523912,-0.7024233466874387
Республика Хакасия,2009,0.6483309762186619,-0.963689987572505
Республика Хакасия,2010,0.6685163235233094,-0.7732259282006249
Республика Хакасия,2011,0.36525451156393646,-1.1354109330498172
Республика Хакасия,2012,0.3342019509897433,-0.9975996843043259
Республика Хакасия,2013,0.7560923712852771,-0.41858066360929336
Республика Хакасия,2014,0.5841501127645076,-1.1032505125038992
Республика Хакасия,2015,0.5557766574938071,-0.522130443988135
Республика Хакасия,2016,0.833778258484524,-0.3680664373994269
Республика Хакасия,2017,0.3989711334223431,-1.1830781821142808
Республика Хакасия,2018,0.5303021249990129,-0.6213639596445639
Республика Хакасия,2019,0.6448589717386751,-1.0665968447889955
Республика Хакасия,2020,0.6178278067969695,-1.0397124274127725
Республика Хакасия,2021,0.6772824705079273,-0.28973522513467215
Республика Хакасия,2022,-0.041776437837210224,-0.9648837801497787
Республика Хакасия,2023,-0.8003758493700158,-1.5094332099727443
Ростовская область,2007,-0.8614954202681259,-1.0516621666090458
Ростовская область,2008,0.6126247440632446,-0.9935206080602823
Ростовская область,2009,0.09544667279008841,-0.5224045113623389
Ростовская область,2010,0.01841590352570499,-1.9603083575382474
Ростовская область,2011,0.335002582022764,-0.626217979202547
Ростовская область,2012,-0.26944187024721616,-1.247443506534046
Ростовская область,2013,-0.2944907391645733,-1.010893776490508
Ростовская область,2014,-0.10362114888362695,-1.196558846067014
Ростовская область,2015,-0.2658091527404191,-1.8534822446310328
Ростовская область,2016,1.0172942633979176,0.12491389171570857
Ростовская область,2017,0.3806112800736587,-0.8793464480068752
Ростовская область,2018,-0.5631953343629268,-1.62185913927859
Ростовская область,2019,0.3718926915027909,-0.14949825324013916
Ростовская область,2020,-0.5733309339535517,-2.2096928469478754
Ростовская область,2021,1.475867542220369,0.07389424053762443
Ростовская область,2022,-0.43688026178279676,-1.4971852549658171
Ростовская область,2023,-1.0513717854271043,-2.2480855768013908
Рязанская область,2007,-0.3421852501461314,-1.1524027427493324
Рязанская область,2008,1.3862938411996122,0.10487867639516861
Рязанская область,2009,0.11161792386791476,-0.9542484766534715
Рязанская область,2010,-1.119209278894721,-1.4189681816105182
Рязанская область,2011,-0.3090581348193579,-0.9244674057759357
Рязанская область,2012,0.5432419716171655,-0.1995573841583724
Рязанская область,2013,1.024017514741156,-0.345537252221795
Рязанская область,2014,-0.6225326931036776,-1.690625135283825
Рязанская область,2015,0.4880119239600489,-0.6875397218954409
Рязанская область,2016,1.183739950034363,0.6580446788976974
Рязанская область,2017,0.6653756270121882,-0.3693417093083438
Рязанская область,2018,-0.7957690366335464,-1.0750874948255256
Рязанская область,2019,-0.16410588091271122,-0.9410685498664112
Рязанская область,2020,0.5932195892697708,-0.8066427297224008
Рязанская область,2021,0.3979998126430499,-0.074145718690356
Рязанская область,2022,0.08676106023101594,-0.5597622488819682
Рязанская область,2023,-1.7104438093306458,-2.3273923710056774
Самарская область,2007,1.3885906645068282,0.18477736186184693
Самарская область,2008,0.3505407976732681,-0.3864378145289467
Самарская область,2009,-0.6009751475026656,-1.1362219239397822
Самарская область,2010,-1.4175712502182514,-1.9885725257865952
Самарская область,2011,1.0985677803471636,-0.03690368321194621
Самарская область,2012,-0.12289497612153828,-0.3798440641493236
Самарская область,2013,0.40653978125519075,-0.5181716632480996
Самарская область,2014,-0.5924296546669865,-1.3503739633123053
Самарская область,2015,-0.16549980833615055,-0.7181363094236104
Самарская область,2016,0.11279449130303427,-1.0802648550741483
Самарская область,2017,0.7406782709418906,-0.9478202383616662
Самарская область,2018,-0.6964051828109828,-1.0847658089233663
Самарская область,2019,-0.014738021965641307,-0.5986227531249362
Самарская область,2020,0.0485431192841004,-0.7950306637344423
Самарская область,2021,-0.6987546018213222,-1.1626124780890983
Самарская область,2022,0.45494487378657267,-1.0601777801577448
Самарская область,2023,-1.672264930520182,-1.829242660786514
Саратовская область,2007,0.5990135544535267,-0.18864578618764996
Саратовская область,2008,0.534108622465901,-0.34230516836217606
Саратовская область,2009,-0.4852338816500133,-0.7195615104634525
Саратовская область,2010,-1.42155731653975,-2.5124492404093184
Саратовская область,2011,-0.028227256811882317,-0.6386678352686087
Саратовская область,2012,-0.2887647151324586,-0.8820435302348555
Саратовская область,2013,0.6756053492472281,-0.24872659467197708
Саратовская область,2014,-0.5417427688081946,-1.7991981172441693
Саратовская область,2015,-0.6737377027053554,-1.1739306366514826
Саратовская область,2016,0.6735840988702897,-0.6086864547858339
Саратовская область,2017,0.6585178206397871,-1.2020303090699769
Саратовская область,2018,-0.42572659392530193,-1.130812137445854
Саратовская область,2019,-0.29676079965534213,-1.1824752530317169
Саратовская область,2020,-0.10185821419553331,-1.6547175636354563
Саратовская область,2021,0.39579096964981986,-0.5305594951237225
Саратовская область,2022,0.5791251882992945,-0.1321435201790079
Саратовская область,2023,-1.376956385458608,-1.6906803567083029
Свердловская область,2007,1.2379918929619138,-0.5903347545866374
Свердловская область,2008,0.8140137643041875,-0.6899870799208162
Свердловская область,2009,0.5538418833326213,-0.4025944407501849
Свердловская область,2010,-0.23630256331014324,-0.980080936434089
Свердловская область,2011,0.6881784598651196,-0.8544049858797913
Свердловская область,2012,0.3417494471661862,-0.5991588504497123
Свердловская область,2013,0.18993498325746705,-0.46760193365462055
Свердловская область,2014,1.0929209266959239,-0.24073354558469678
Свердловская область,2015,1.0070075191594132,-0.8442377014367108
Свердловская область,2016,0.13758407193006347,-0.4412485176381876
Свердловская область,2017,1.017281100916119,-0.7027287177385225
Свердловская область,2018,0.5627381337466476,-0.6617471156638619
Свердловская область,2019,0.8365569439957636,-0.580316414349844
Свердловская область,2020,0.49583128493920947,-0.33180361430970123
Свердловская область,2021,-0.3096373606145892,-0.9104265694004443
Свердловская область,2022,0.3648419486153152,-0.7843309403530556
Свердловская область,2023,-1.1271293668518763,-1.616718375762802
Смоленская область,2007,0.13349870636768532,-0.9972427617019095
Смоленская область,2008,0.9624886312205562,-0.10729291636700473
Смоленская область,2009,0.7569429780497584,-1.1457136266561816
Смоленская область,2010,0.2809030461612691,-0.33545476173647426
Смоленская область,2011,0.7101534169651437,-1.566623653840754
Смоленская область,2012,1.4742408990837923,0.2556101303405959
Смоленская область,2013,0.6633893602612457,-0.5908158366304563
Смоленская область,2014,-0.7204636117428841,-1.4953305626009525
Смоленская область,2015,-0.43169097567653725,-1.2702031348243856
Смоленская область,2016,0.9030654577408948,-0.28237501296717354
Смоленская область,2017,0.5426383730301197,-0.3659173972758589
Смоленская область,2018,-0.18115075190650928,-1.463011030183097
Смоленская область,2019,0.13745084453373682,-1.702174141526601
Смоленская область,2020,1.4253063253407,-0.7394919617497947
Смоленская область,2021,0.2682757451154976,-0.4123328904240915
Смоленская область,2022,0.11864319686297353,-0.618969659950847
Смоленская область,2023,-1.662542953921611,-2.307328027973364
Ставропольский край,2007,-0.07439552869926101,-0.3594513417917024
Ставропольский край,2008,1.14050699812768,0.1422875163706774
Ставропольский край,2009,1.2012986038156497,0.23827931122362137
Ставропольский край,2010,0.18450129551362238,-0.8248966230070571
Ставропольский край,2011,1.069724131697603,-0.5248656828350388
Ставропольский край,2012,0.2538322659236238,-0.6690222263994053
Ставропольский край,2013,0.5733284659459269,-0.006641653929377148
Ставропольский край,2014,0.1534921311974734,-1.034197900329439
Ставропольский край,2015,0.0290798156978949,-1.5271094252434672
Ставропольский край,2016,1.4307125313172664,-0.2647615063923356
Ставропольский край,2017,0.4793403076491956,-1.5633018626329316
Ставропольский край,2018,-0.35532130054118344,-1.6082885175657433
Ставропольский край,2019,-0.21581489022540412,-0.5846501755864809
Ставропольский край,2020,-0.6435646431785186,-1.7449943069666565
Ставропольский край,2021,1.3642454496976024,0.817157107739047
Ставропольский край,2022,-0.30013770665193223,-0.8933712245643938
Ставропольский край,2023,-1.2653426958361191,-2.054095168122438
Тамбовская область,2007,-0.24368429213276008,-0.8392853540636285
Тамбовская область,2008,0.6848383378782673,-0.2082571643771379
Тамбовская область,2009,-0.33793437112416913,-1.0248777992764013
Тамбовская область,2010,-1.3316799096208356,-1.7150575580736587
Тамбовская область,2011,0.046781264458468495,-1.1620895762581154
Тамбовская область,2012,0.35757356746221075,-0.16286413124067878
Тамбовская область,2013,0.5199045054410618,-0.7145265291263232
Тамбовская область,2014,-0.6652684449549617,-1.6957367965457122
Тамбовская область,2015,0.5512085793531313,-0.5246800722639956
Тамбовская область,2016,1.9383939895864992,-0.06664818416466606
Тамбовская область,2017,0.35051499131253117,-0.1829076464177285
Тамбовская область,2018,-0.28551296546780564,-1.1441759295166067
Тамбовская область,2019,-0.6243253284534778,-1.5103673742596528
Тамбовская область,2020,0.19025055382631104,-1.8195419292213928
Тамбовская область,2021,0.5199276150516902,-0.03129377309828496
Тамбовская область,2022,0.14604873587402115,-0.4632535828274664
Тамбовская область,2023,-1.5790936177886878,-2.0827480820936133
Тверская область,2007,0.05004472096511373,-1.3118284892873788
Тверская область,2008,0.9427044082570252,-0.6424847331767359
Тверская область,2009,0.8564910096684996,-1.0178982248844808
Тверская область,2010,0.3763205004609727,-0.5148393138995693
Тверская область,2011,0.23932306096478304,-1.170067379615169
Тверская область,2012,0.9523362066578387,-0.5486262017277946
Тверская область,2013,0.1862941622728557,-0.9104226270406962
Тверская область,2014,-0.7577144101139685,-1.868746896335716
Тверская область,2015,0.050961494090135194,-1.2803485096939313
Тверская область,2016,0.7210481842164335,-0.6676344903082142
Тверская область,2017,0.9051266540721571,-0.44991520135624113
Тверская область,2018,-0.06712996354940522,-1.3231826398838793
Тверская область,2019,0.30699577151994895,-1.5712199711998363
Тверская область,2020,1.195349804874577,-0.47873307968206347
Тверская область,2021,0.10634687645258102,-0.5678774831151159
Тверская область,2022,-0.33488475473042795,-1.083180596289996
Тверская область,2023,-1.660050222288094,-2.1468765870652926
Томская область,2007,1.5032839577883674,-0.8345454116611731
Томская область,2008,0.7208598739939417,-0.33875883165270326
Томская область,2009,0.6593009901916674,-1.2699356845622776
Томская область,2010,0.5308940815818789,-1.020139974397109
Томская область,2011,0.8224703689538515,-0.8202319079213016
Томская область,2012,-0.6818445027038481,-1.2370082475103426
Томская область,2013,0.7806483990412775,-0.4521297264329929
Томская область,2014,0.224328473365874,-0.6687217057437127
Томская область,2015,0.8658222069884616,-0.3818345988093134
Томская область,2016,-0.1918333242897333,-1.0462099549103632
Томская область,2017,0.539070370476499,-0.9312433658694496
Томская область,2018,0.6077009495653626,-0.5850965463055037
Томская область,2019,0.26837092587990086,-0.9584442535462334
Томская область,2020,0.48710984156036746,-0.44046439523270264
Томская область,2021,0.26578095498300164,-0.5627232532195074
Томская область,2022,0.37569560033872423,-0.9187065192134931
Томская область,2023,-1.1614984267878,-1.845320120872657
Тульская область,2007,0.16942756855361085,-0.7663620228042621
Тульская область,2008,1.026390665854082,-0.2884554636490718
Тульская область,2009,-0.03031758463619279,-1.173332779997707
Тульская область,2010,-0.6842686906426496,-1.053974800855437
Тульская область,2011,-0.17835871325610433,-1.092875076535309
Тульская область,2012,0.4396893846257704,-0.030221066075724425
Тульская область,2013,1.2601856970202205,-0.09664604051595901
Тульская область,2014,-1.0122018983000636,-1.8178184777073114
Тульская область,2015,0.5197054495137555,-0.731402621953809
Тульская область,2016,1.685858632091336,0.6949531207880871
Тульская область,2017,0.3846658071270029,-0.9529966747030199
Тульская область,2018,-0.9121812192765423,-1.4459930624811483
Тульская область,2019,0.08674369726975455,-0.7023894724737234
Тульская область,2020,1.139911253599916,-0.6446057287890061
Тульская область,2021,0.4722755554589548,-0.5342817663003981
Тульская область,2022,0.4685594429313809,0.016217282111847208
Тульская область,2023,-1.265314779201125,-1.6958912142611637
Тюменская область,2007,1.3609596744442918,-0.5483638838835951
Тюменская область,2008,0.4683078635306721,-0.8062275882665745
Тюменская область,2009,0.5750002232793244,-0.859685805219266
Тюменская область,2010,-0.15692080491288649,-0.9998339409165206
Тюменская область,2011,0.6104481841649579,-0.5593992800817966
Тюменская область,2012,0.25705696972461606,-0.7467087121202267
Тюменская область,2013,0.33880291672637436,-0.45669949868775095
Тюменская область,2014,0.972244973594859,-0.08168998473780613
Тюменская область,2015,1.3509136084069209,-1.046112154674154
Тюменская область,2016,0.5376865666226115,-0.6147498515783495
Тюменская область,2017,0.2910510787310408,-0.9389958880944955
Тюменская область,2018,0.6964399509467492,-0.6599740742964064
Тюменская область,2019,0.8122498456487651,-0.7439580000094572
Тюменская область,2020,0.44272476186064175,0.06947309999164186
Тюменская область,2021,-0.15822451965968995,-1.1756314892467052
Тюменская область,2022,0.2730718247509842,-1.0446225419115631
Тюменская область,2023,-0.9894514159065655,-1.9166461486120834
Удмуртская Республика,2007,1.2366606910266078,-0.5327716369329506
Удмуртская Республика,2008,0.12066491015019125,-0.858678153942754
Удмуртская Республика,2009,-0.2572882035781936,-1.2079327560675657
Удмуртская Республика,2010,-1.1102464092883975,-1.5192926768870858
Удмуртская Республика,2011,0.548895655631165,-0.6207805252148608
Удмуртская Республика,2012,0.3649782513218862,-0.688397569552093
Удмуртская Республика,2013,0.0315646955047014,-0.683959032200741
Удмуртская Республика,2014,0.15518533598982676,-0.743308846909356
Удмуртская Республика,2015,0.8864706480139967,-0.8401068180891172
Удмуртская Республика,2016,-0.4027277343367632,-0.7145812251855463
Удмуртская Республика,2017,0.9667909618918152,-0.4019357903792041
Удмуртская Республика,2018,0.24394903277428234,-0.50423299918266
Удмуртская Республика,2019,0.8370206633834464,-0.46105888606588
Удмуртская Республика,2020,0.6231395050503343,0.38146062444771756
Удмуртская Республика,2021,-0.7797035448417149,-1.1691089536979158
Удмуртская Республика,2022,0.17326173512293683,-1.4085780965831276
Удмуртская Республика,2023,-2.1258478358144264,-2.5256912040574053
Ульяновская область,2007,1.0415866780801564,-0.021551807466602683
Ульяновская область,2008,0.5858843758644754,-0.7364441129006977
Ульяновская область,2009,-0.12575106662570742,-1.3419818938061294
Ульяновская область,2010,-1.3317946052540128,-1.8907827916999216
Ульяновская область,2011,0.8138549709566113,-0.6886801345876511
Ульяновская область,2012,0.4916175145517873,-0.17186266476808684
Ульяновская область,2013,0.7428195871308726,-0.6825057619316922
Ульяновская область,2014,-0.5669841646338797,-1.1724422948093798
Ульяновская область,2015,-0.11111711444484827,-0.759656483320056
Ульяновская область,2016,0.4691518863412128,0.05234213105847207
Ульяновская область,2017,1.120381970643283,-0.09270063978643688
Ульяновская область,2018,-0.44919999854112724,-0.8722315427419521
Ульяновская область,2019,0.045924456280107405,-1.0477562402697804
Ульяновская область,2020,0.46113718855449753,-0.42735198736692576
Ульяновская область,2021,-0.3331345399258692,-0.6519078015497148
Ульяновская область,2022,0.4660800664357842,-0.35354354969908197
Ульяновская область,2023,-1.863563367843734,-2.1143344073390713
Хабаровский край,2007,0.4014787694024832,-0.7974415381781405
Хабаровский край,2008,0.3680632693607338,-0.6905215920632019
Хабаровский край,2009,0.6185357431077271,-0.5183816652654776
Хабаровский край,2010,0.4308962597564793,-1.035416210911604
Хабаровский край,2011,0.2763957552936207,-0.8861828315155432
Хабаровский край,2012,0.4868933781265808,-0.7350538498426239
Хабаровский край,2013,0.8451635081551855,-0.4701734392612248
Хабаровский край,2014,0.49106483221547376,-0.9756477391881788
Хабаровский край,2015,0.47339881950341695,-0.6781829546077215
Хабаровский край,2016,0.8741900305338208,-0.8838042888683457
Хабаровский край,2017,0.4802979570743115,-0.8255384149605434
Хабаровский край,2018,0.30002931494815727,-0.9556117778007305
Хабаровский край,2019,0.9841096987426191,-0.9961551414012986
Хабаровский край,2020,0.333587206707824,-1.0919659609000985
Хабаровский край,2021,0.5980164808527316,-0.628176079068173
Хабаровский край,2022,0.668308121117264,-0.7494787665063226
Хабаровский край,2023,-0.6013540720971763,-1.1846642813105228
Ханты-Мансийский автономный округ,2007,0.8886502456470752,-0.8404472211202177
Ханты-Мансийский автономный округ,2008,0.7542566401160253,-0.22805659932740746
Ханты-Мансийский автономный округ,2009,0.37808272757168426,-0.9339677845158475
Ханты-Мансийский автономный округ,2010,0.22759519424901328,-0.9864074954793516
Ханты-Мансийский автономный округ,2011,0.2890510501781312,-0.76294981120329
Ханты-Мансийский автономный округ,2012,0.15321542482752962,-1.0853627526012704
Ханты-Мансийский автономный округ,2013,-0.12585400379236694,-0.7086644363205887
Ханты-Мансийский автономный округ,2014,0.9004554632119307,-0.4898075919248155
Ханты-Мансийский автономный округ,2015,1.245831190154272,-0.7009015923521714
Ханты-Мансийский автономный округ,2016,0.2418254928506914,-0.91114065182836
Ханты-Мансийский автономный округ,2017,0.7529136786511884,-0.3526257400153674
Ханты-Мансийский автономный округ,2018,0.6554222875800438,-0.7290988045389483
Ханты-Мансийский автономный округ,2019,0.7095065599297067,-0.7002419992120478
Ханты-Мансийский автономный округ,2020,0.840999402187676,-0.0006674789663231715
Ханты-Мансийский автономный округ,2021,0.447883030093253,-0.8246134103646136
Ханты-Мансийский автономный округ,2022,0.217012240537705,-0.8419202935463674
Ханты-Мансийский автономный округ,2023,-1.0576866850773354,-1.5131099358505076
Челябинская область,2007,1.2561195523624307,0.07785991397551977
Челябинская область,2008,0.6747047902710598,-0.301204899463094
Челябинская область,2009,0.5211281604367828,-0.6607217507770308
Челябинская область,2010,-0.30923163630657785,-1.0022105572414677
Челябинская область,2011,1.3638442698711808,-0.426894119845284
Челябинская область,2012,-0.38977438410912696,-0.8872495386515716
Челябинская область,2013,1.3734751316673943,-0.14178592391285896
Челябинская область,2014,1.0244443181882597,0.09821706208974071
Челябинская область,2015,1.0327070035844177,-0.9701522527153086
Челябинская область,2016,0.14323767835360057,-0.093366587097519
Челябинская область,2017,0.2627692552537361,-0.8550519925825029
Челябинская область,2018,0.5034556629225961,-0.4565776292381536
Челябинская область,2019,0.423342673331809,-0.48696763627648687
Челябинская область,2020,0.4847881652023374,-0.4305983494865105
Челябинская область,2021,-0.7044030856440258,-1.3170728304774255
Челябинская область,2022,0.2655992518737695,-0.9468136217952483
Челябинская область,2023,-1.0748025527154506,-1.7781260242460295
Чеченская Республика,2007,0.2820761368268437,-0.5542690393397735
Чеченская Республика,2008,1.034618518297039,-0.4819862357040224
Чеченская Республика,2009,1.353597991986202,-0.5174008708825061
Чеченская Республика,2010,0.5721695344381205,-0.1843931569953926
Чеченская Республика,2011,0.7883127945567732,-0.24924512706972318
Чеченская Республика,2012,0.9540436370465871,-0.6890360054175145
Чеченская Республика,2013,1.173157596107999,-0.25777902102570643
Чеченская Республика,2014,0.8739192063412307,-0.24319761382060714
Чеченская Республика,2015,0.6935451661149715,-0.3970355160045718
Чеченская Республика,2016,1.3713913990207072,-0.02989695095616429
Чеченская Республика,2017,0.5819050467875756,-0.605813997501679
Чеченская Республика,2018,0.7673282269615095,-0.30479782418704016
Чеченская Республика,2019,0.46471881938310755,-0.3518058432034066
Чеченская Республика,2020,0.2998959681159767,-0.6907206957310399
Чеченская Республика,2021,0.5415986650376182,-0.30820980483058674
Чеченская Республика,2022,0.371234412348564,-0.6953189886425462
Чеченская Республика,2023,-0.7085620784122778,-1.2102214070818842
Чувашская Республика - Чувашия,2007,0.8246972915728152,0.008657125148548285
Чувашская Республика - Чувашия,2008,0.6833257246449224,-0.8151965247479874
Чувашская Республика - Чувашия,2009,-0.3790400932553657,-1.456281063259377
Чувашская Республика - Чувашия,2010,-1.3408825571444465,-1.7899030241445755
Чувашская Республика - Чувашия,2011,0.9529700499065511,-0.5465111850020385
Чувашская Республика - Чувашия,2012,0.8650537574046919,-0.25986107174976936
Чувашская Республика - Чувашия,2013,0.8560885635033069,-0.6757584064172003
Чувашская Республика - Чувашия,2014,-0.42249150007749897,-1.3849114005062777
Чувашская Республика - Чувашия,2015,0.01789137583332869,-0.8933471241141715
Чувашская Республика - Чувашия,2016,-0.12444635735650111,-0.5011012637823359
Чувашская Республика - Чувашия,2017,1.4700097250652775,-0.11551526871224889
Чувашская Республика - Чувашия,2018,-0.3298216430161362,-0.5867427102783876
Чувашская Республика - Чувашия,2019,-0.35576547797813746,-0.8906671165861871
Чувашская Республика - Чувашия,2020,0.8851590618388566,0.008821615064500412
Чувашская Республика - Чувашия,2021,-0.3892017491973389,-0.625227745307596
Чувашская Республика - Чувашия,2022,0.14466038746013635,-0.5601350044463709
Чувашская Республика - Чувашия,2023,-1.9461012132363444,-2.205720026189782
Ямало-Ненецкий автономный округ,2007,0.365002590189059,-1.0505758802945426
Ямало-Ненецкий автономный округ,2008,0.3146278382654009,-0.6487477869810285
Ямало-Ненецкий автономный округ,2009,-0.019813848020895492,-1.0390690243878613
Ямало-Ненецкий автономный округ,2010,0.5962722302421618,-1.2851378238901192
Ямало-Ненецкий автономный округ,2011,0.39295970266247743,-0.5310639528705159
Ямало-Ненецкий автономный округ,2012,0.6760106463803021,-1.0311284017368607
Ямало-Ненецкий автономный округ,2013,-0.33117685608650815,-1.2424514905971364
Ямало-Ненецкий автономный округ,2014,0.8892468805688106,-0.7729001088182654
Ямало-Ненецкий автономный округ,2015,0.9275087544749377,-0.668642186318368
Ямало-Ненецкий автономный округ,2016,-0.022643434738559825,-0.5415060307776488
Ямало-Ненецкий автономный округ,2017,0.5602485357303713,-0.49226166559679857
Ямало-Ненецкий автономный округ,2018,0.26665920506375423,-0.9245932115202672
Ямало-Ненецкий автономный округ,2019,0.7726994709903107,-0.8526869217112576
Ямало-Ненецкий автономный округ,2020,0.9831113517737728,0.0684507409914148
Ямало-Ненецкий автономный округ,2021,0.6095501914150012,-1.1493783300553917
Ямало-Ненецкий автономный округ,2022,-0.09775806372805758,-0.8419932752261512
Ямало-Ненецкий автономный округ,2023,-1.002720076416227,-1.5003764076614583
Ярославская область,2007,-0.062360921447808915,-1.2763109540403943
Ярославская область,2008,0.7542774642369835,-0.6897370129002525
Ярославская область,2009,0.2667752670421635,-1.06440645038652
Ярославская область,2010,0.1919130439087905,-0.7930515562745174
Ярославская область,2011,-0.4256473003663441,-1.3599793517298318
Ярославская область,2012,0.5828569562533344,-0.7501173816898703
Ярославская область,2013,0.043924209429523985,-0.8693433294257591
Ярославская область,2014,-0.6190474797090636,-1.7484857615004425
Ярославская область,2015,0.3979433180824176,-1.3978730496286476
Ярославская область,2016,0.29479012095022106,-1.2595112046939096
Ярославская область,2017,0.931278174557903,-0.46160631135798535
Ярославская область,2018,0.18609532820158595,-1.1943021063010748
Ярославская область,2019,0.3347159212824145,-1.2096586532068692
Ярославская область,2020,0.8329046637665628,-0.45958056663209224
Ярославская область,2021,0.17284770327089385,-0.8342557988935573
Ярославская область,2022,-0.7265809879143981,-1.163444615226721
Ярославская область,2023,-1.4661103527044885,-1.83756208404816
