region,year,production,temp,rain,lat,lon
Алтайский край,2006,3518000.0,3.1047618,17.850813,52.6932243,82.6931424
Алтайский край,2007,4698310.0,4.821818,17.677519,52.6932243,82.6931424
Алтайский край,2008,3857490.0,3.9448154,15.80222,52.6932243,82.6931424
Алтайский край,2009,5627844.999999999,2.1699665,16.615139,52.6932243,82.6931424
Алтайский край,2010,4240800.0,1.0557429,13.7892,52.6932243,82.6931424
Алтайский край,2011,3919500.0,2.741483,12.137676,52.6932243,82.6931424
Алтайский край,2012,2516800.0,2.4900627,14.953271,52.6932243,82.6931424
Алтайский край,2013,4926100.0,4.122083,18.765938,52.6932243,82.6931424
Алтайский край,2014,3294900.0,2.879556,20.439487,52.6932243,82.6931424
Алтайский край,2015,3940400.0,4.479706,18.547407,52.6932243,82.6931424
Алтайский край,2016,4829700.0,3.54378,19.874725,52.6932243,82.6931424
Алтайский край,2017,4975500.0,3.962087,18.551964,52.6932243,82.6931424
Алтайский край,2018,5010700.0,1.8785782,18.146235,52.6932243,82.6931424
Алтайский край,2019,4591700.0,3.8274815,14.679196,52.6932243,82.6931424
Алтайский край,2020,3951100.0,5.393331,15.509272,52.6932243,82.6931424
Алтайский край,2021,5577400.0,3.835696,15.443617,52.6932243,82.6931424
Алтайский край,2022,5648400.0,3.5994797,10.189362,52.6932243,82.6931424
Алтайский край,2023,4500000.0,4.744044,9.476855,52.6932243,82.6931424
Амурская область,2006,233690.0,-2.393612,20.956722,52.8032368,128.437295
Амурская область,2007,361930.0,0.07116445,15.586603,52.8032368,128.437295
Амурская область,2008,272770.0,-0.051441193,21.753454,52.8032368,128.437295
Амурская область,2009,337801.8,-1.6270727,17.982126,52.8032368,128.437295
Амурская область,2010,130400.0,-1.07414,20.191818,52.8032368,128.437295
Амурская область,2011,338200.0,-0.2819532,14.073449,52.8032368,128.437295
Амурская область,2012,271400.0,-1.7174568,17.960884,52.8032368,128.437295
Амурская область,2013,172300.0,-1.2862841,27.728935,52.8032368,128.437295
Амурская область,2014,417700.0,-0.62842053,13.345283,52.8032368,128.437295
Амурская область,2015,351000.0,-0.10655848,16.415722,52.8032368,128.437295
Амурская область,2016,474700.0,-1.8824908,22.489946,52.8032368,128.437295
Амурская область,2017,395100.0,0.0039164224,16.678877,52.8032368,128.437295
Амурская область,2018,360300.0,-0.57861584,16.800772,52.8032368,128.437295
Амурская область,2019,361900.0,-1.4724833,23.085552,52.8032368,128.437295
Амурская область,2020,418300.0,-0.14882405,20.974438,52.8032368,128.437295
Амурская область,2021,426000.0,-0.55932236,28.862831,52.8032368,128.437295
Амурская область,2022,446800.0,-0.45065054,16.470413,52.8032368,128.437295
Амурская область,2023,616300.0,-0.7468427,9.331891,52.8032368,128.437295
Архангельская область,2006,3700.0,1.1343842,24.399189,63.5589686,43.1221646
Архангельская область,2007,5460.0,2.3346748,25.040201,63.5589686,43.1221646
Архангельская область,2008,2460.0,2.09081,28.675356,63.5589686,43.1221646
Архангельская область,2009,3046.2,1.0376434,24.048695,63.5589686,43.1221646
Архангельская область,2010,3400.0,0.7204564,21.583662,63.5589686,43.1221646
Архангельская область,2011,7100.0,2.154082,22.83452,63.5589686,43.1221646
Архангельская область,2012,3700.0,0.9658101,24.130524,63.5589686,43.1221646
Архангельская область,2013,3600.0,2.4498825,23.056803,63.5589686,43.1221646
Архангельская область,2014,5600.0,1.8994141,23.82647,63.5589686,43.1221646
Архангельская область,2015,5100.0,2.5903828,24.54535,63.5589686,43.1221646
Архангельская область,2016,4600.0,2.7039363,21.43349,63.5589686,43.1221646
Астраханская область,2006,38980.00000000001,10.733505,7.6604533,47.1878186,47.608851
Астраханская область,2007,29630.0,11.520061,8.429013,47.1878186,47.608851
Астраханская область,2008,40180.0,10.700836,8.276806,47.1878186,47.608851
Астраханская область,2009,48073.4,10.676315,8.668476,47.1878186,47.608851
Астраханская область,2010,43600.0,12.275307,8.4214735,47.1878186,47.608851
Астраханская область,2011,45600.0,10.239204,9.048434,47.1878186,47.608851
Астраханская область,2012,31800.0,11.0346575,6.675959,47.1878186,47.608851
Астраханская область,2013,25300.0,11.705579,8.584831,47.1878186,47.608851
Астраханская область,2014,28800.0,10.919434,6.4992795,47.1878186,47.608851
Астраханская область,2015,30800.0,11.82964,7.602043,47.1878186,47.608851
Астраханская область,2016,29200.0,11.518064,9.923313,47.1878186,47.608851
Астраханская область,2017,38800.0,11.471852,8.576779,47.1878186,47.608851
Астраханская область,2018,35400.0,11.117673,7.30865,47.1878186,47.608851
Астраханская область,2019,40900.0,11.707039,7.3677483,47.1878186,47.608851
Астраханская область,2020,46800.0,12.463155,5.3302364,47.1878186,47.608851
Астраханская область,2021,63000.0,12.240807,10.714618,47.1878186,47.608851
Белгородская область,2006,1645900.0,6.962509,20.995413,50.7080119,37.5837615
Белгородская область,2007,1924230.0,8.588908,21.012455,50.7080119,37.5837615
Белгородская область,2008,3262910.0,8.238109,16.600676,50.7080119,37.5837615
Белгородская область,2009,2384703.9,8.220749,18.481613,50.7080119,37.5837615
Белгородская область,2010,1031800.0,8.675697,20.09973,50.7080119,37.5837615
Белгородская область,2011,2354000.0,7.104439,18.305893,50.7080119,37.5837615
Белгородская область,2012,2498400.0,7.991526,21.880634,50.7080119,37.5837615
Белгородская область,2013,3015000.0,8.399753,20.777126,50.7080119,37.5837615
Белгородская область,2014,3524800.0,8.043945,16.097818,50.7080119,37.5837615
Белгородская область,2015,3129700.0,8.568736,19.451408,50.7080119,37.5837615
Белгородская область,2016,3505600.0,8.045733,25.187286,50.7080119,37.5837615
Белгородская область,2017,3584800.0,8.292653,18.914095,50.7080119,37.5837615
Белгородская область,2018,3385800.0,7.629392,21.433409,50.7080119,37.5837615
Белгородская область,2019,3473100.0,9.019214,18.923933,50.7080119,37.5837615
Белгородская область,2020,3907600.0,9.491638,16.4637,50.7080119,37.5837615
Белгородская область,2021,3063700.0,8.319095,20.367867,50.7080119,37.5837615
Белгородская область,2022,4086500.0,8.227898,19.286268,50.7080119,37.5837615
Белгородская область,2023,3656200.0,8.80394,12.807672,50.7080119,37.5837615
Брянская область,2006,340370.0,6.1374764,27.77682,52.8873315,33.415853
Брянская область,2007,429900.0,7.6216226,21.154919,52.8873315,33.415853
Брянская область,2008,552020.0,7.8172097,23.425938,52.8873315,33.415853
Брянская область,2009,608740.0,7.143112,24.10754,52.8873315,33.415853
Брянская область,2010,381100.0,7.340248,23.217834,52.8873315,33.415853
Брянская область,2011,539200.0,6.71007,24.595741,52.8873315,33.415853
Брянская область,2012,585800.0,6.7332253,27.600565,52.8873315,33.415853
Брянская область,2013,672800.0,7.2827277,23.12786,52.8873315,33.415853
Брянская область,2014,893800.0,7.670736,15.80919,52.8873315,33.415853
Брянская область,2015,932400.0,8.394908,19.093067,52.8873315,33.415853
Брянская область,2016,1439100.0,7.5361304,23.551296,52.8873315,33.415853
Брянская область,2017,1710200.0,7.6899514,20.935379,52.8873315,33.415853
Брянская область,2018,1694900.0,7.186358,18.74968,52.8873315,33.415853
Брянская область,2019,1701100.0,8.476082,18.369276,52.8873315,33.415853
Брянская область,2020,2020700.0,8.958435,22.044333,52.8873315,33.415853
Брянская область,2021,1990400.0,6.8330917,26.772303,52.8873315,33.415853
Брянская область,2022,1876500.0,7.1919274,26.445698,52.8873315,33.415853
Брянская область,2023,2078900.0,8.254298,12.921685,52.8873315,33.415853
Владимирская область,2006,166630.0,4.8677826,23.78731,56.0503336,40.6561633
Владимирская область,2007,173490.0,6.398478,20.958088,56.0503336,40.6561633
Владимирская область,2008,178040.0,6.7338767,26.836082,56.0503336,40.6561633
Владимирская область,2009,194288.6,5.6691537,20.830185,56.0503336,40.6561633
Владимирская область,2010,110200.0,5.880287,19.237236,56.0503336,40.6561633
Владимирская область,2011,164100.0,5.543566,19.551025,56.0503336,40.6561633
Владимирская область,2012,179800.0,5.2265525,25.339298,56.0503336,40.6561633
Владимирская область,2013,106200.0,6.05942,26.74884,56.0503336,40.6561633
Владимирская область,2014,188500.0,6.2062173,18.896868,56.0503336,40.6561633
Владимирская область,2015,217900.0,6.506073,19.090837,56.0503336,40.6561633
Владимирская область,2016,203300.0,6.076658,23.212198,56.0503336,40.6561633
Владимирская область,2017,222400.0,5.51531,25.733202,56.0503336,40.6561633
Владимирская область,2018,165600.0,5.7708306,16.125757,56.0503336,40.6561633
Владимирская область,2019,174300.0,6.7423577,22.241737,56.0503336,40.6561633
Владимирская область,2020,249400.0,7.2767944,19.3977,56.0503336,40.6561633
Владимирская область,2021,178600.0,5.7061386,23.931347,56.0503336,40.6561633
Владимирская область,2022,216400.0,6.1172204,15.892275,56.0503336,40.6561633
Владимирская область,2023,295100.0,6.4292655,11.868166,56.0503336,40.6561633
Волгоградская область,2006,3334740.0000000005,8.204697,15.083839,49.6048339,44.2903582
Волгоградская область,2007,2773930.0,9.648152,14.919683,49.6048339,44.2903582
Волгоградская область,2008,5183180.0,9.13329,11.182033,49.6048339,44.2903582
Волгоградская область,2009,3317109.7,8.86349,12.751104,49.6048339,44.2903582
Волгоградская область,2010,1498700.0,10.060463,13.347469,49.6048339,44.2903582
Волгоградская область,2011,2674900.0,7.962349,13.633372,49.6048339,44.2903582
Волгоградская область,2012,2422700.0,8.975902,12.628369,49.6048339,44.2903582
Волгоградская область,2013,3088500.0,9.472669,17.189909,49.6048339,44.2903582
Волгоградская область,2014,3913800.0,8.504558,12.48378,49.6048339,44.2903582
Волгоградская область,2015,2920900.0,9.739797,12.44869,49.6048339,44.2903582
Волгоградская область,2016,4524400.0,9.150876,19.307884,49.6048339,44.2903582
Волгоградская область,2017,5651200.0,9.294769,14.88101,49.6048339,44.2903582
Волгоградская область,2018,3706800.0,8.700192,13.692777,49.6048339,44.2903582
Волгоградская область,2019,4494800.0,9.400398,13.354856,49.6048339,44.2903582
Волгоградская область,2020,5110100.0,10.110454,9.538459,49.6048339,44.2903582
Волгоградская область,2021,4126100.000000001,9.636477,16.854935,49.6048339,44.2903582
Волгоградская область,2022,7008500.0,9.543002,13.440319,49.6048339,44.2903582
Волгоградская область,2023,6373100.0,10.216537,7.4941745,49.6048339,44.2903582
Вологодская область,2006,195000.0,3.0938568,24.78732,60.0391461,43.1215213
Вологодская область,2007,225280.0,3.899292,25.441467,60.0391461,43.1215213
Вологодская область,2008,242160.0,4.3248596,26.086145,60.0391461,43.1215213
Вологодская область,2009,238221.6,3.260788,24.634117,60.0391461,43.1215213
Вологодская область,2010,153500.0,2.6815567,21.925955,60.0391461,43.1215213
Вологодская область,2011,245200.0,3.486276,22.611294,60.0391461,43.1215213
Вологодская область,2012,212100.0,2.616038,25.096178,60.0391461,43.1215213
Вологодская область,2013,166300.0,3.994316,19.871449,60.0391461,43.1215213
Вологодская область,2014,231800.0,3.8242188,19.181204,60.0391461,43.1215213
Вологодская область,2015,252700.0,4.3962097,24.456478,60.0391461,43.1215213
Вологодская область,2016,222500.0,4.189776,21.963108,60.0391461,43.1215213
Вологодская область,2017,139200.0,3.3183696,28.933151,60.0391461,43.1215213
Вологодская область,2018,163000.0,3.4068985,24.397213,60.0391461,43.1215213
Вологодская область,2019,192700.0,4.0468826,28.258856,60.0391461,43.1215213
Вологодская область,2020,143300.0,4.8225303,26.6929,60.0391461,43.1215213
Вологодская область,2021,108800.0,3.310468,22.361774,60.0391461,43.1215213
Вологодская область,2022,178500.0,3.8432949,19.605696,60.0391461,43.1215213
Вологодская область,2023,210700.0,4.107,12.669647,60.0391461,43.1215213
Воронежская область,2006,2055060.0,7.1169686,21.683727,50.9800393,40.1506507
Воронежская область,2007,2261250.0,8.848999,17.348759,50.9800393,40.1506507
Воронежская область,2008,4528610.0,8.488922,16.195238,50.9800393,40.1506507
Воронежская область,2009,3473793.6999999997,8.311081,15.544886,50.9800393,40.1506507
Воронежская область,2010,854200.0,8.951901,17.532557,50.9800393,40.1506507
Воронежская область,2011,3047500.0,7.090116,18.494295,50.9800393,40.1506507
Воронежская область,2012,3111300.0,8.123036,22.06798,50.9800393,40.1506507
Воронежская область,2013,3814600.0,8.688001,18.827183,50.9800393,40.1506507
Воронежская область,2014,4472700.0,8.185872,14.610816,50.9800393,40.1506507
Воронежская область,2015,4253700.0,8.871307,17.038174,50.9800393,40.1506507
Воронежская область,2016,4817300.0,8.461911,22.533756,50.9800393,40.1506507
Воронежская область,2017,5663900.0,8.334157,20.39193,50.9800393,40.1506507
Воронежская область,2018,4764100.0,7.8151016,18.679405,50.9800393,40.1506507
Воронежская область,2019,5178000.0,9.050789,17.272812,50.9800393,40.1506507
Воронежская область,2020,6167200.0,9.7803755,14.09013,50.9800393,40.1506507
Воронежская область,2021,4294200.0,8.769452,19.177334,50.9800393,40.1506507
Воронежская область,2022,6906700.0,8.464226,20.648039,50.9800393,40.1506507
Воронежская область,2023,6280600.0,8.837631,12.303019,50.9800393,40.1506507
Забайкальский край,2006,185387.0,-1.4603437,11.812357,52.248521,115.956325
Забайкальский край,2007,168200.0,1.3138415,11.719614,52.248521,115.956325
Забайкальский край,2008,212310.0,0.48420334,16.953835,52.248521,115.956325
Забайкальский край,2009,268506.0,-1.3627497,13.034025,52.248521,115.956325
Забайкальский край,2010,138300.0,-1.6309433,10.318533,52.248521,115.956325
Забайкальский край,2011,114000.0,0.053984325,10.875213,52.248521,115.956325
Забайкальский край,2012,213200.0,-1.9991951,15.392424,52.248521,115.956325
Забайкальский край,2013,167300.0,-1.0084509,13.441955,52.248521,115.956325
Забайкальский край,2014,211200.0,0.33267975,10.036621,52.248521,115.956325
Забайкальский край,2015,62800.0,0.5448087,11.1778,52.248521,115.956325
Забайкальский край,2016,80100.0,-0.67383194,14.817466,52.248521,115.956325
Забайкальский край,2017,108200.0,0.09620158,11.984672,52.248521,115.956325
Забайкальский край,2018,177100.0,-0.013837178,15.748556,52.248521,115.956325
Забайкальский край,2019,109700.0,0.21257527,13.347093,52.248521,115.956325
Забайкальский край,2020,110600.0,1.2356161,13.865957,52.248521,115.956325
Забайкальский край,2021,162000.0,-0.093990326,19.102951,52.248521,115.956325
Забайкальский край,2022,171700.0,-0.43502426,13.23152,52.248521,115.956325
Забайкальский край,2023,174000.0,0.06744766,6.502036,52.248521,115.956325
Ивановская область,2006,80490.0,4.3502045,22.74235,56.9167446,41.4352137
Ивановская область,2007,111060.0,5.766317,20.667982,56.9167446,41.4352137
Ивановская область,2008,100940.0,6.15152,28.167568,56.9167446,41.4352137
Ивановская область,2009,130348.4,5.1675262,20.72046,56.9167446,41.4352137
Ивановская область,2010,81800.0,5.020424,20.66198,56.9167446,41.4352137
Ивановская область,2011,102800.0,4.9301224,20.118872,56.9167446,41.4352137
Ивановская область,2012,124700.0,4.4829,27.649866,56.9167446,41.4352137
Ивановская область,2013,86600.0,5.463392,24.420757,56.9167446,41.4352137
Ивановская область,2014,131100.0,5.6940103,18.039074,56.9167446,41.4352137
Ивановская область,2015,142200.0,5.960337,20.168789,56.9167446,41.4352137
Ивановская область,2016,126300.0,5.4830704,24.287876,56.9167446,41.4352137
Ивановская область,2017,129200.0,4.9541116,25.418736,56.9167446,41.4352137
Ивановская область,2018,113800.0,5.0532203,19.031506,56.9167446,41.4352137
Ивановская область,2019,116500.0,6.0861077,22.791023,56.9167446,41.4352137
Ивановская область,2020,149000.0,6.650004,20.237389,56.9167446,41.4352137
Ивановская область,2021,105400.0,5.0712104,24.28253,56.9167446,41.4352137
Ивановская область,2022,137600.0,5.5167975,14.777686,56.9167446,41.4352137
Ивановская область,2023,192300.0,5.7484384,11.964675,56.9167446,41.4352137
Иркутская область,2006,571290.0,-3.0474205,23.13078,56.6370122,104.719221
Иркутская область,2007,753250.0,0.29659018,18.350794,56.6370122,104.719221
Иркутская область,2008,757820.0,-1.4713631,22.468077,56.6370122,104.719221
Иркутская область,2009,687795.7999999999,-3.7673733,20.2501,56.6370122,104.719221
Иркутская область,2010,554300.0,-4.1490097,18.51654,56.6370122,104.719221
Иркутская область,2011,573400.0,-1.0619011,16.243013,56.6370122,104.719221
Иркутская область,2012,629900.0,-3.361988,18.176012,56.6370122,104.719221
Иркутская область,2013,793700.0,-1.9752477,17.094751,56.6370122,104.719221
Иркутская область,2014,857600.0,-1.213056,18.230688,56.6370122,104.719221
Иркутская область,2015,551700.0,0.04269409,16.66359,56.6370122,104.719221
Иркутская область,2016,771900.0,-1.6852239,13.344232,56.6370122,104.719221
Иркутская область,2017,871600.0,-0.9757385,17.518646,56.6370122,104.719221
Иркутская область,2018,867700.0,-1.9392929,16.770813,56.6370122,104.719221
Иркутская область,2019,779200.0,-0.8561096,15.497196,56.6370122,104.719221
Иркутская область,2020,865100.0,0.6141968,17.632143,56.6370122,104.719221
Иркутская область,2021,917800.0,-1.7836062,14.444982,56.6370122,104.719221
Иркутская область,2022,919800.0,-1.7104149,20.816092,56.6370122,104.719221
Иркутская область,2023,818600.0,-1.2372398,10.435133,56.6370122,104.719221
Кабардино-Балкарская Республика,2006,435480.0,4.8908944,64.44455,43.4428286,43.4204809
Кабардино-Балкарская Республика,2007,470630.0,4.878947,53.525127,43.4428286,43.4204809
Кабардино-Балкарская Республика,2008,671710.0,4.919912,61.744183,43.4428286,43.4204809
Кабардино-Балкарская Республика,2009,581654.9,5.05278,61.49843,43.4428286,43.4204809
Кабардино-Балкарская Республика,2010,645100.0,6.945066,55.754223,43.4428286,43.4204809
Кабардино-Балкарская Республика,2011,739900.0,4.1391068,63.324135,43.4428286,43.4204809
Кабардино-Балкарская Республика,2012,817500.0,5.2748923,50.037556,43.4428286,43.4204809
Кабардино-Балкарская Республика,2013,1077800.0,5.5024543,60.82185,43.4428286,43.4204809
Кабардино-Балкарская Республика,2014,938200.0,5.6206055,57.663998,43.4428286,43.4204809
Кабардино-Балкарская Республика,2015,947500.0,5.9575706,52.882793,43.4428286,43.4204809
Кабардино-Балкарская Республика,2016,1150300.0,5.176918,69.01523,43.4428286,43.4204809
Кабардино-Балкарская Республика,2017,1159200.0,5.538096,59.013733,43.4428286,43.4204809
Кабардино-Балкарская Республика,2018,1128100.0,6.5211563,52.290234,43.4428286,43.4204809
Кабардино-Балкарская Республика,2019,1136100.0,5.967781,46.715546,43.4428286,43.4204809
Кабардино-Балкарская Республика,2020,1193300.0,6.0142617,42.30636,43.4428286,43.4204809
Кабардино-Балкарская Республика,2021,1286400.0,5.5826035,58.889797,43.4428286,43.4204809
Кабардино-Балкарская Республика,2022,1247700.0,5.4801764,41.053192,43.4428286,43.4204809
Кабардино-Балкарская Республика,2023,1421100.0,6.430893,27.737816,43.4428286,43.4204809
Калининградская область,2006,142600.0,8.657659,20.84053,54.7293041,21.1489473
Калининградская область,2007,154910.0,9.058146,28.152357,54.7293041,21.1489473
Калининградская область,2008,227440.0,9.264638,25.293953,54.7293041,21.1489473
Калининградская область,2009,266024.1,8.351608,23.69275,54.7293041,21.1489473
Калининградская область,2010,186300.0,7.1628394,25.649593,54.7293041,21.1489473
Калининградская область,2011,156500.0,8.680448,24.430761,54.7293041,21.1489473
Калининградская область,2012,222100.0,7.833323,28.974667,54.7293041,21.1489473
Калининградская область,2013,331900.0,8.555188,20.985355,54.7293041,21.1489473
Калининградская область,2014,429200.0,9.281575,21.115517,54.7293041,21.1489473
Калининградская область,2015,554800.0,9.496796,21.974213,54.7293041,21.1489473
Калининградская область,2016,399900.0,9.124347,28.33334,54.7293041,21.1489473
Калининградская область,2017,394300.0,8.78777,34.430504,54.7293041,21.1489473
Калининградская область,2018,401700.0,9.617999,20.011332,54.7293041,21.1489473
Калининградская область,2019,680400.0,10.036629,24.703848,54.7293041,21.1489473
Калининградская область,2020,718600.0,10.272075,24.227472,54.7293041,21.1489473
Калининградская область,2021,714200.0,8.558515,24.22974,54.7293041,21.1489473
Калининградская область,2022,688800.0,9.271029,19.131496,54.7293041,21.1489473
Калининградская область,2023,672200.0,9.853908,12.967082,54.7293041,21.1489473
Калужская область,2006,102080.0,4.978948,26.905766,54.4382773,35.5272854
Калужская область,2007,134280.0,6.4497476,22.750517,54.4382773,35.5272854
Калужская область,2008,190520.0,6.923004,24.5478,54.4382773,35.5272854
Калужская область,2009,196786.9,5.8792777,23.364471,54.4382773,35.5272854
Калужская область,2010,138800.0,6.174558,20.552732,54.4382773,35.5272854
Калужская область,2011,148300.0,5.8249793,23.80051,54.4382773,35.5272854
Калужская область,2012,165700.0,5.2740784,28.329485,54.4382773,35.5272854
Калужская область,2013,105400.0,5.897799,28.446775,54.4382773,35.5272854
Калужская область,2014,140500.0,6.5291343,15.043114,54.4382773,35.5272854
Калужская область,2015,209200.0,6.9697776,21.088936,54.4382773,35.5272854
Калужская область,2016,155900.0,6.06266,26.197445,54.4382773,35.5272854
Калужская область,2017,218700.0,6.167002,21.955944,54.4382773,35.5272854
Калужская область,2018,191400.0,6.0120416,16.65681,54.4382773,35.5272854
Калужская область,2019,241600.0,7.3398514,20.32375,54.4382773,35.5272854
Калужская область,2020,278900.0,7.828715,24.568583,54.4382773,35.5272854
Калужская область,2021,199000.0,5.722252,25.733387,54.4382773,35.5272854
Калужская область,2022,261300.0,5.934603,23.23513,54.4382773,35.5272854
Калужская область,2023,261000.0,6.7381845,14.460346,54.4382773,35.5272854
Камчатский край,2006,316.0,-4.8939376,28.533993,57.1914882,160.0383819
Камчатский край,2007,290.0,-4.413208,36.90733,57.1914882,160.0383819
Камчатский край,2008,210.0,-3.650074,35.52641,57.1914882,160.0383819
Камчатский край,2009,82.6,-4.7789283,27.820969,57.1914882,160.0383819
Камчатский край,2010,400.0,-4.6779838,32.347656,57.1914882,160.0383819
Камчатский край,2011,100.0,-4.9297395,36.947105,57.1914882,160.0383819
Камчатский край,2012,100.0,-3.9646924,41.69874,57.1914882,160.0383819
Камчатский край,2013,100.0,-3.9394405,33.301105,57.1914882,160.0383819
Камчатский край,2014,200.0,-3.563966,29.949223,57.1914882,160.0383819
Камчатский край,2015,100.0,-4.7551575,31.311771,57.1914882,160.0383819
Камчатский край,2016,300.0,-4.584638,30.00554,57.1914882,160.0383819
Камчатский край,2017,200.0,-3.2960522,34.07942,57.1914882,160.0383819
Камчатский край,2018,100.0,-3.6285832,40.708485,57.1914882,160.0383819
Камчатский край,2019,100.0,-4.5315666,33.744072,57.1914882,160.0383819
Камчатский край,2020,0.0,-4.164612,30.41082,57.1914882,160.0383819
Камчатский край,2021,100.0,-4.2736793,40.18668,57.1914882,160.0383819
Камчатский край,2022,300.0,-2.8782222,35.580162,57.1914882,160.0383819
Камчатский край,2023,1000.0,-4.19655,18.838863,57.1914882,160.0383819
Карачаево-Черкесская Республика,2006,90700.0,4.3715262,65.56978,43.7368326,41.7267991
Карачаево-Черкесская Республика,2007,127900.0,4.1597085,49.4739,43.7368326,41.7267991
Карачаево-Черкесская Республика,2008,142160.0,4.094879,66.191826,43.7368326,41.7267991
Карачаево-Черкесская Республика,2009,162443.0,4.5422006,57.519146,43.7368326,41.7267991
Карачаево-Черкесская Республика,2010,140500.0,6.664467,55.97869,43.7368326,41.7267991
Карачаево-Черкесская Республика,2011,197700.0,3.604276,55.592384,43.7368326,41.7267991
Карачаево-Черкесская Республика,2012,193800.0,4.855784,54.190853,43.7368326,41.7267991
Карачаево-Черкесская Республика,2013,346300.0,4.892916,55.55072,43.7368326,41.7267991
Карачаево-Черкесская Республика,2014,299000.0,5.6350913,62.705124,43.7368326,41.7267991
Карачаево-Черкесская Республика,2015,390600.0,5.2910666,57.51269,43.7368326,41.7267991
Карачаево-Черкесская Республика,2016,471400.0,4.760414,60.23537,43.7368326,41.7267991
Карачаево-Черкесская Республика,2017,450100.0,4.980967,59.313435,43.7368326,41.7267991
Карачаево-Черкесская Республика,2018,437900.0,6.1839166,51.704304,43.7368326,41.7267991
Карачаево-Черкесская Республика,2019,493900.0,5.542,51.899292,43.7368326,41.7267991
Карачаево-Черкесская Республика,2020,353200.0,5.4574585,49.34635,43.7368326,41.7267991
Карачаево-Черкесская Республика,2021,406200.0,5.1717963,66.76112,43.7368326,41.7267991
Карачаево-Черкесская Республика,2022,409700.0,5.2617517,44.840824,43.7368326,41.7267991
Карачаево-Черкесская Республика,2023,566400.0,6.169825,32.98519,43.7368326,41.7267991
Кемеровская область,2006,1108900.0,1.5217539,36.31172,54.5335781,87.342861
Кемеровская область,2007,1455260.0,3.3704834,34.174904,54.5335781,87.342861
Кемеровская область,2008,1467460.0,2.2810783,33.15101,54.5335781,87.342861
Кемеровская область,2009,1570864.9,0.67126846,39.440582,54.5335781,87.342861
Кемеровская область,2010,1179600.0,-0.56941986,32.442665,54.5335781,87.342861
Кемеровская область,2011,1136200.0,1.6610794,25.94121,54.5335781,87.342861
Кемеровская область,2012,491400.0,1.1017164,25.393166,54.5335781,87.342861
Кемеровская область,2013,912700.0,2.5084763,40.27835,54.5335781,87.342861
Кемеровская область,2014,967600.0,1.8141264,33.310425,54.5335781,87.342861
Кемеровская область,2015,1034100.0,3.3747253,39.870316,54.5335781,87.342861
Кемеровская область,2016,938000.0,2.1971004,28.217394,54.5335781,87.342861
Кемеровская область,2017,1088800.0,2.7233174,35.05019,54.5335781,87.342861
Кемеровская область,2018,996400.0,0.90038806,29.949705,54.5335781,87.342861
Кемеровская область,2019,1107800.0,2.2812576,26.85154,54.5335781,87.342861
Кемеровская область,2020,1288800.0,3.874939,31.305405,54.5335781,87.342861
Кемеровская область,2021,1550800.0,2.1022975,33.58159,54.5335781,87.342861
Кемеровская область,2022,1833300.0,2.053744,21.980896,54.5335781,87.342861
Кемеровская область,2023,1146600.0,2.9208019,16.664276,54.5335781,87.342861
Кировская область,2006,570580.0,2.6776783,24.275747,58.563072,50.1824997
Кировская область,2007,493620.0,3.6504314,27.47411,58.563072,50.1824997
Кировская область,2008,606990.0,4.739573,25.612108,58.563072,50.1824997
Кировская область,2009,706164.0,3.0985157,22.539446,58.563072,50.1824997
Кировская область,2010,460200.0,3.0103328,19.359612,58.563072,50.1824997
Кировская область,2011,735700.0,3.1006966,22.251049,58.563072,50.1824997
Кировская область,2012,555000.0,3.110667,24.844788,58.563072,50.1824997
Кировская область,2013,419900.0,4.075208,22.498508,58.563072,50.1824997
Кировская область,2014,671200.0,3.1542969,20.960312,58.563072,50.1824997
Кировская область,2015,583900.0,3.9987488,26.301533,58.563072,50.1824997
Кировская область,2016,526500.0,3.9596329,22.420977,58.563072,50.1824997
Кировская область,2017,557900.0,3.134613,27.906544,58.563072,50.1824997
Кировская область,2018,570000.0,2.8414688,22.679407,58.563072,50.1824997
Кировская область,2019,623600.0,3.670255,27.385805,58.563072,50.1824997
Кировская область,2020,652200.0,4.610128,24.968693,58.563072,50.1824997
Кировская область,2021,521799.99999999994,3.2881699,22.39078,58.563072,50.1824997
Кировская область,2022,747300.0,3.8081386,18.7636,58.563072,50.1824997
Кировская область,2023,714000.0,4.218328,11.178765,58.563072,50.1824997
Костромская область,2006,70800.0,3.519638,25.581484,58.424756,44.2533273
Костромская область,2007,92930.0,4.6530356,23.761932,58.424756,44.2533273
Костромская область,2008,82590.0,5.092926,28.00248,58.424756,44.2533273
Костромская область,2009,83695.50000000001,3.9308727,24.056787,58.424756,44.2533273
Костромская область,2010,48700.0,3.7974422,21.39756,58.424756,44.2533273
Костромская область,2011,68000.0,3.8879673,23.028168,58.424756,44.2533273
Костромская область,2012,59900.0,3.4207256,26.81239,58.424756,44.2533273
Костромская область,2013,46200.0,4.622083,22.94608,58.424756,44.2533273
Костромская область,2014,65400.00000000001,4.4492188,20.231743,58.424756,44.2533273
Костромская область,2015,60100.0,4.866913,24.326324,58.424756,44.2533273
Костромская область,2016,54400.0,4.5748672,25.355156,58.424756,44.2533273
Костромская область,2017,41600.0,3.840505,27.0097,58.424756,44.2533273
Костромская область,2018,41400.0,3.8751602,22.92816,58.424756,44.2533273
Костромская область,2021,39100.0,4.070559,21.700928,58.424756,44.2533273
Костромская область,2022,57300.0,4.345411,18.097095,58.424756,44.2533273
Костромская область,2023,63900.0,4.7020516,12.274105,58.424756,44.2533273
Краснодарский край,2006,8239080.0,11.589462,20.312239,45.7684014,39.0261044
Краснодарский край,2007,8128130.0,13.179565,18.784725,45.7684014,39.0261044
Краснодарский край,2008,11634350.0,12.0520735,15.678741,45.7684014,39.0261044
Краснодарский край,2009,9485958.5,12.526088,22.105703,45.7684014,39.0261044
Краснодарский край,2010,9942600.0,13.612546,20.743452,45.7684014,39.0261044
Краснодарский край,2011,11454600.0,11.067818,18.14876,45.7684014,39.0261044
Краснодарский край,2012,8839200.0,12.525868,15.6857605,45.7684014,39.0261044
Краснодарский край,2013,12037600.0,13.032239,17.983978,45.7684014,39.0261044
Краснодарский край,2014,12870800.0,12.502441,19.894701,45.7684014,39.0261044
Краснодарский край,2015,13710600.0,13.097707,18.567085,45.7684014,39.0261044
Краснодарский край,2016,13979000.0,12.453937,22.083412,45.7684014,39.0261044
Краснодарский край,2017,14107500.0,13.05779,17.759796,45.7684014,39.0261044
Краснодарский край,2018,12726200.0,13.338702,15.9178705,45.7684014,39.0261044
Краснодарский край,2019,13881100.0,13.365242,16.982708,45.7684014,39.0261044
Краснодарский край,2020,12105000.0,13.474385,12.538107,45.7684014,39.0261044
Краснодарский край,2021,14798700.0,12.328372,28.671928,45.7684014,39.0261044
Краснодарский край,2022,15461300.0,12.769402,15.709862,45.7684014,39.0261044
Краснодарский край,2023,13986900.0,13.380437,16.306187,45.7684014,39.0261044
Красноярский край,2006,1485490.0,-8.402564,18.865694,63.3233807,97.0979974
Красноярский край,2007,1811080.0,-6.0256767,24.30933,63.3233807,97.0979974
Красноярский край,2008,2154570.0,-6.7625413,23.66282,63.3233807,97.0979974
Красноярский край,2009,2377862.7,-8.736611,15.516566,63.3233807,97.0979974
Красноярский край,2010,2070900.0,-9.883548,21.217697,63.3233807,97.0979974
Красноярский край,2011,2359200.0,-5.710665,22.016445,63.3233807,97.0979974
Красноярский край,2012,1786800.0,-7.885587,17.186434,63.3233807,97.0979974
Красноярский край,2013,2214500.0,-6.3295784,20.019386,63.3233807,97.0979974
Красноярский край,2014,2208200.0,-7.6372094,20.732996,63.3233807,97.0979974
Красноярский край,2015,2253900.0,-5.828077,23.518965,63.3233807,97.0979974
Красноярский край,2016,2353500.0,-5.8821654,14.009926,63.3233807,97.0979974
Красноярский край,2017,1921700.0,-5.9046135,22.429604,63.3233807,97.0979974
Красноярский край,2018,1890000.0,-6.973474,17.935734,63.3233807,97.0979974
Красноярский край,2019,2182300.0,-5.2817283,22.342596,63.3233807,97.0979974
Красноярский край,2020,2668300.0,-3.4032185,23.885147,63.3233807,97.0979974
Красноярский край,2021,2627100.0,-7.976477,19.1238,63.3233807,97.0979974
Красноярский край,2022,2871500.0,-5.8552704,19.070286,63.3233807,97.0979974
Красноярский край,2023,2461200.0,-6.6563478,11.329735,63.3233807,97.0979974
Курганская область,2006,1509320.0000000002,2.6198986,19.305912,55.851964,63.7722525
Курганская область,2007,1556500.0,3.6486409,17.85212,55.851964,63.7722525
Курганская область,2008,1595270.0,4.4379783,18.437088,55.851964,63.7722525
Курганская область,2009,1672822.4999999998,2.7935028,15.05913,55.851964,63.7722525
Курганская область,2010,866100.0,2.6109173,11.485703,55.851964,63.7722525
Курганская область,2011,2401500.0,2.3337681,16.341883,55.851964,63.7722525
Курганская область,2012,933200.0,3.6192944,13.088353,55.851964,63.7722525
Курганская область,2013,1344200.0,3.7015102,16.4782,55.851964,63.7722525
Курганская область,2014,1267200.0,2.3523762,17.913815,55.851964,63.7722525
Курганская область,2015,1621900.0,3.4126484,18.837019,55.851964,63.7722525
Курганская область,2016,1813200.0,2.975909,17.757063,55.851964,63.7722525
Курганская область,2017,2062900.0,3.1699321,14.694522,55.851964,63.7722525
Курганская область,2018,1657300.0,2.1533177,14.893423,55.851964,63.7722525
Курганская область,2019,1780700.0,3.4925206,16.71959,55.851964,63.7722525
Курганская область,2020,1431800.0,5.388448,15.27729,55.851964,63.7722525
Курганская область,2021,1054200.0,3.8672714,10.674463,55.851964,63.7722525
Курганская область,2022,2172100.0,3.3986332,13.874405,55.851964,63.7722525
Курганская область,2023,1545700.0,4.866928,7.6380377,55.851964,63.7722525
Курская область,2006,1731830.0,6.247503,23.121056,51.6568453,36.4852695
Курская область,2007,1923000.0,7.9240317,21.363281,51.6568453,36.4852695
Курская область,2008,3351540.0,7.938955,17.949411,51.6568453,36.4852695
Курская область,2009,3054059.8,7.3820443,20.130733,51.6568453,36.4852695
Курская область,2010,1526400.0,7.864988,19.721367,51.6568453,36.4852695
Курская область,2011,2649400.0,6.7746863,17.869572,51.6568453,36.4852695
Курская область,2012,2844200.0,7.317698,22.331535,51.6568453,36.4852695
Курская область,2013,3602500.0,7.7094855,20.283308,51.6568453,36.4852695
Курская область,2014,4211800.0,7.635254,15.583624,51.6568453,36.4852695
Курская область,2015,3586600.0,8.044647,19.560345,51.6568453,36.4852695
Курская область,2016,4379800.0,7.338539,29.381435,51.6568453,36.4852695
Курская область,2017,5034100.0,7.6066184,21.159954,51.6568453,36.4852695
Курская область,2018,4525600.0,7.1961236,17.568838,51.6568453,36.4852695
Курская область,2019,4975800.0,8.5553465,19.717495,51.6568453,36.4852695
Курская область,2020,5845200.0,9.082622,18.536116,51.6568453,36.4852695
Курская область,2021,4499100.0,7.3745956,21.33834,51.6568453,36.4852695
Курская область,2022,5734900.0,7.560743,21.125532,51.6568453,36.4852695
Курская область,2023,5508800.0,8.180893,13.240503,51.6568453,36.4852695
Ленинградская область,2006,71800.0,4.9934335,24.797697,60.1853296,32.3925325
Ленинградская область,2007,85430.0,5.6372476,25.333714,60.1853296,32.3925325
Ленинградская область,2008,98300.0,6.1225486,28.969034,60.1853296,32.3925325
Ленинградская область,2009,105937.8,5.100306,32.9388,60.1853296,32.3925325
Ленинградская область,2010,79200.0,4.29907,25.744392,60.1853296,32.3925325
Ленинградская область,2011,94000.0,5.464953,29.142838,60.1853296,32.3925325
Ленинградская область,2012,100100.0,4.2509665,30.430511,60.1853296,32.3925325
Ленинградская область,2013,108600.0,5.601087,26.643698,60.1853296,32.3925325
Ленинградская область,2014,127400.0,6.200358,23.299341,60.1853296,32.3925325
Ленинградская область,2015,145800.0,6.555227,26.714169,60.1853296,32.3925325
Ленинградская область,2016,117400.0,5.6432266,31.725723,60.1853296,32.3925325
Ленинградская область,2017,126100.0,5.2166443,32.14196,60.1853296,32.3925325
Ленинградская область,2018,120300.0,5.6736627,24.236734,60.1853296,32.3925325
Ленинградская область,2019,145600.0,6.0870843,29.943127,60.1853296,32.3925325
Ленинградская область,2020,160700.0,7.4424844,27.404936,60.1853296,32.3925325
Ленинградская область,2021,140000.0,5.1260605,31.100285,60.1853296,32.3925325
Ленинградская область,2022,172400.0,5.521843,24.634048,60.1853296,32.3925325
Ленинградская область,2023,157000.0,5.8361664,14.772804,60.1853296,32.3925325
Липецкая область,2006,1721400.0,5.6448007,21.79907,52.6935178,39.1122664
Липецкая область,2007,1787700.0,7.4056396,19.985703,52.6935178,39.1122664
Липецкая область,2008,2913360.0,7.727366,17.488205,52.6935178,39.1122664
Липецкая область,2009,2725234.0,6.765508,17.716045,52.6935178,39.1122664
Липецкая область,2010,1214500.0,7.220131,17.753876,52.6935178,39.1122664
Липецкая область,2011,1972500.0,6.2934036,18.529007,52.6935178,39.1122664
Липецкая область,2012,1866500.0,6.715973,23.178377,52.6935178,39.1122664
Липецкая область,2013,2541400.0,7.2807746,19.98837,52.6935178,39.1122664
Липецкая область,2014,2527500.0,7.3183594,13.529186,52.6935178,39.1122664
Липецкая область,2015,2386100.0,7.6965027,19.776716,52.6935178,39.1122664
Липецкая область,2016,2877200.0,7.0364556,25.610435,52.6935178,39.1122664
Липецкая область,2017,3134400.0,7.0032654,21.562307,52.6935178,39.1122664
Липецкая область,2018,2949500.0,6.8131485,15.764589,52.6935178,39.1122664
Липецкая область,2019,3344400.0,8.047534,19.568542,52.6935178,39.1122664
Липецкая область,2020,4278500.0,8.568787,16.62887,52.6935178,39.1122664
Липецкая область,2021,2986300.0,7.094973,19.443394,52.6935178,39.1122664
Липецкая область,2022,4001100.0,7.438021,21.29671,52.6935178,39.1122664
Липецкая область,2023,3653200.0,7.7682953,12.503637,52.6935178,39.1122664
Московская область,2006,202810.0,5.0110116,22.222494,55.5043158,38.0353929
Московская область,2007,190640.0,6.6628013,21.992405,55.5043158,38.0353929
Московская область,2008,243800.0,6.9300027,23.903944,55.5043158,38.0353929
Московская область,2009,237149.8,5.8263803,22.560621,55.5043158,38.0353929
Московская область,2010,172200.0,6.1369605,19.285425,55.5043158,38.0353929
Московская область,2011,221800.0,6.0442176,19.433954,55.5043158,38.0353929
Московская область,2012,238800.0,5.262848,27.853163,55.5043158,38.0353929
Московская область,2013,177200.0,6.122246,28.997902,55.5043158,38.0353929
Московская область,2014,284000.0,6.5001626,15.000832,55.5043158,38.0353929
Московская область,2015,414600.0,6.8713074,20.101652,55.5043158,38.0353929
Московская область,2016,357500.0,6.107908,26.085299,55.5043158,38.0353929
Московская область,2017,426800.0,5.814138,23.282665,55.5043158,38.0353929
Московская область,2018,369300.0,6.020668,16.841757,55.5043158,38.0353929
Московская область,2019,388300.0,7.26547,20.886946,55.5043158,38.0353929
Московская область,2020,529900.0,7.654236,22.371645,55.5043158,38.0353929
Московская область,2021,444000.0,5.8617377,25.650993,55.5043158,38.0353929
Московская область,2022,654200.0,6.2560554,19.23504,55.5043158,38.0353929
Московская область,2023,719500.0,6.569239,14.368475,55.5043158,38.0353929
Нижегородская область,2006,1166560.0,4.4766693,23.473751,55.4718033,44.0911594
Нижегородская область,2007,1046260.0,5.9056396,21.753944,55.4718033,44.0911594
Нижегородская область,2008,1299290.0,6.5030823,23.072332,55.4718033,44.0911594
Нижегородская область,2009,1432419.7,5.31515,20.071001,55.4718033,44.0911594
Нижегородская область,2010,541500.0,5.711342,17.221771,55.4718033,44.0911594
Нижегородская область,2011,1301800.0,4.7125115,21.545599,55.4718033,44.0911594
Нижегородская область,2012,933300.0,5.113922,23.907372,55.4718033,44.0911594
Нижегородская область,2013,918600.0,5.8045373,26.815546,55.4718033,44.0911594
Нижегородская область,2014,1133400.0,5.627279,15.892427,55.4718033,44.0911594
Нижегородская область,2015,1150100.0,6.0547385,19.487068,55.4718033,44.0911594
Нижегородская область,2016,1127500.0,5.851397,21.917452,55.4718033,44.0911594
Нижегородская область,2017,1324000.0,5.286957,24.051472,55.4718033,44.0911594
Нижегородская область,2018,1151300.0,5.1331353,16.384865,55.4718033,44.0911594
Нижегородская область,2019,1218800.0,6.179695,18.635262,55.4718033,44.0911594
Нижегородская область,2020,1614600.0,6.3575234,19.657629,55.4718033,44.0911594
Нижегородская область,2021,1216700.0,5.5734887,19.353815,55.4718033,44.0911594
Нижегородская область,2022,1753200.0,5.674024,17.348059,55.4718033,44.0911594
Нижегородская область,2023,2125800.0,6.1133475,12.088098,55.4718033,44.0911594
Новгородская область,2006,10200.0,5.528427,24.974731,58.2843833,32.5169757
Новгородская область,2007,12540.0,6.12618,22.419964,58.2843833,32.5169757
Новгородская область,2008,16840.0,6.753245,29.750937,58.2843833,32.5169757
Новгородская область,2009,15580.6,5.641159,33.30888,58.2843833,32.5169757
Новгородская область,2010,15800.0,5.2562637,24.905615,58.2843833,32.5169757
Новгородская область,2011,28400.0,6.0992303,27.708122,58.2843833,32.5169757
Новгородская область,2012,28500.0,4.911123,28.155565,58.2843833,32.5169757
Новгородская область,2013,23900.0,6.059746,24.867346,58.2843833,32.5169757
Новгородская область,2014,38800.0,6.529297,23.967754,58.2843833,32.5169757
Новгородская область,2015,50000.0,6.950897,21.69223,58.2843833,32.5169757
Новгородская область,2016,51500.0,6.132322,30.73767,58.2843833,32.5169757
Новгородская область,2017,22900.0,5.6103616,30.226482,58.2843833,32.5169757
Новгородская область,2018,18900.0,6.1329727,23.784021,58.2843833,32.5169757
Новгородская область,2019,43100.0,6.9282303,32.948578,58.2843833,32.5169757
Новгородская область,2020,35500.0,7.700297,28.114954,58.2843833,32.5169757
Новгородская область,2021,34700.0,5.6735864,29.586391,58.2843833,32.5169757
Новгородская область,2022,21500.0,5.976921,19.479536,58.2843833,32.5169757
Новгородская область,2023,21800.0,6.445379,14.721582,58.2843833,32.5169757
Новосибирская область,2006,1767220.0,0.9457448,15.814272,55.8204953,78.866158
Новосибирская область,2007,2513470.0,2.8066814,17.021461,55.8204953,78.866158
Новосибирская область,2008,2567300.0,2.6894443,15.815281,55.8204953,78.866158
Новосибирская область,2009,3193212.3000000003,0.23083751,20.811203,55.8204953,78.866158
Новосибирская область,2010,2350300.0,-0.8028183,16.768665,55.8204953,78.866158
Новосибирская область,2011,2503300.0,1.6426874,17.57423,55.8204953,78.866158
Новосибирская область,2012,1239500.0,1.3886642,12.5736,55.8204953,78.866158
Новосибирская область,2013,2292600.0,1.882337,20.808731,55.8204953,78.866158
Новосибирская область,2014,1784600.0,1.0763321,15.499365,55.8204953,78.866158
Новосибирская область,2015,2196500.0,2.6667175,22.197313,55.8204953,78.866158
Новосибирская область,2016,2341100.0,2.0372696,15.983891,55.8204953,78.866158
Новосибирская область,2017,2819600.0,2.2057393,14.514631,55.8204953,78.866158
Новосибирская область,2018,2494700.0,0.3024063,20.385633,55.8204953,78.866158
Новосибирская область,2019,2431500.0,2.2895584,15.1208515,55.8204953,78.866158
Новосибирская область,2020,2518100.0,4.319926,16.315954,55.8204953,78.866158
Новосибирская область,2021,3384300.0,1.6517767,15.005836,55.8204953,78.866158
Новосибирская область,2022,3356400.0,2.1401699,12.78526,55.8204953,78.866158
Новосибирская область,2023,2278000.0,3.1538746,9.109964,55.8204953,78.866158
Омская область,2006,2917020.0,0.98138934,19.290415,56.0935263,73.5099936
Омская область,2007,3113860.0,2.7366943,20.769478,56.0935263,73.5099936
Омская область,2008,2289760.0,3.300935,14.151254,56.0935263,73.5099936
Омская область,2009,4002540.7,0.78780365,16.398506,56.0935263,73.5099936
Омская область,2010,2231900.0,-0.14787038,13.553828,56.0935263,73.5099936
Омская область,2011,3379200.0,1.1827265,16.007158,56.0935263,73.5099936
Омская область,2012,1689600.0,1.7853113,15.098683,56.0935263,73.5099936
Омская область,2013,3428100.0,2.1290817,16.57224,56.0935263,73.5099936
Омская область,2014,3136900.0,0.9920222,17.733809,56.0935263,73.5099936
Омская область,2015,3316700.0,2.2754414,19.21247,56.0935263,73.5099936
Омская область,2016,3267700.0,1.8559545,15.480448,56.0935263,73.5099936
Омская область,2017,3468100.0,2.1826274,13.805418,56.0935263,73.5099936
Омская область,2018,3195300.0,0.17268626,20.869682,56.0935263,73.5099936
Омская область,2019,3051700.0,2.3676834,15.386019,56.0935263,73.5099936
Омская область,2020,3034200.0,4.4651084,15.504369,56.0935263,73.5099936
Омская область,2021,2937500.0,1.7354355,14.417042,56.0935263,73.5099936
Омская область,2022,2916400.0,2.1925786,12.27295,56.0935263,73.5099936
Омская область,2023,2511100.0,3.494044,8.337166,56.0935263,73.5099936
Оренбургская область,2006,2022310.0,5.2735443,16.550724,52.0269262,54.7276647
Оренбургская область,2007,3158770.0,5.5866294,18.241718,52.0269262,54.7276647
Оренбургская область,2008,3717790.0,6.1498923,18.406004,52.0269262,54.7276647
Оренбургская область,2009,2446271.2,5.667038,15.570739,52.0269262,54.7276647
Оренбургская область,2010,739600.0,6.461342,12.216784,52.0269262,54.7276647
Оренбургская область,2011,2917800.0,4.046496,16.828472,52.0269262,54.7276647
Оренбургская область,2012,1470500.0,6.8113503,11.465967,52.0269262,54.7276647
Оренбургская область,2013,2049200.0,6.363945,18.841196,52.0269262,54.7276647
Оренбургская область,2014,2543700.0,5.122721,11.509356,52.0269262,54.7276647
Оренбургская область,2015,2156700.0,5.901581,14.817617,52.0269262,54.7276647
Оренбургская область,2016,3133900.0,6.145668,17.175596,52.0269262,54.7276647
Оренбургская область,2017,4203100.0,5.6634216,13.556915,52.0269262,54.7276647
Оренбургская область,2018,2033600.0,4.996905,11.46693,52.0269262,54.7276647
Оренбургская область,2019,2124200.0,5.751798,16.803476,52.0269262,54.7276647
Оренбургская область,2020,3589600.0,6.8080444,13.084771,52.0269262,54.7276647
Оренбургская область,2021,1566400.0,6.5939965,12.569678,52.0269262,54.7276647
Оренбургская область,2022,4014500.0,5.980339,13.15906,52.0269262,54.7276647
Оренбургская область,2023,3400900.0,6.735743,9.859978,52.0269262,54.7276647
Орловская область,2006,1267980.0,5.605738,25.824745,52.8392765,36.4251709
Орловская область,2007,1343260.0,7.134969,21.892723,52.8392765,36.4251709
Орловская область,2008,2282330.0,7.4308167,21.11955,52.8392765,36.4251709
Орловская область,2009,2393143.4,6.590866,21.21474,52.8392765,36.4251709
Орловская область,2010,1507800.0,7.176348,19.267618,52.8392765,36.4251709
Орловская область,2011,1676900.0,6.1496863,20.69504,52.8392765,36.4251709
Орловская область,2012,2072300.0,6.4397683,23.723118,52.8392765,36.4251709
Орловская область,2013,2558900.0,6.9227014,21.241499,52.8392765,36.4251709
Орловская область,2014,3136900.0,7.0818686,14.654841,52.8392765,36.4251709
Орловская область,2015,2699200.0,7.5519714,21.103836,52.8392765,36.4251709
Орловская область,2016,3131000.0,6.635414,30.481901,52.8392765,36.4251709
Орловская область,2017,3179800.0,6.8668723,22.801075,52.8392765,36.4251709
Орловская область,2018,3193800.0,6.691892,16.160372,52.8392765,36.4251709
Орловская область,2019,3672900.0,7.895027,19.529263,52.8392765,36.4251709
Орловская область,2020,4282500.0,8.386658,21.33216,52.8392765,36.4251709
Орловская область,2021,3784100.0,6.5425644,24.98188,52.8392765,36.4251709
Орловская область,2022,3909600.0,6.753939,23.344923,52.8392765,36.4251709
Орловская область,2023,4142200.0,7.72907,12.527407,52.8392765,36.4251709
Пензенская область,2006,1110120.0000000002,4.829534,25.271965,53.1655415,44.7879181
Пензенская область,2007,934910.0,6.0469155,22.129875,53.1655415,44.7879181
Пензенская область,2008,1422340.0,6.645498,19.612194,53.1655415,44.7879181
Пензенская область,2009,1461417.1,5.8120575,16.720379,53.1655415,44.7879181
Пензенская область,2010,407300.0,6.5575333,16.541117,53.1655415,44.7879181
Пензенская область,2011,874700.0,4.6880975,26.002947,53.1655415,44.7879181
Пензенская область,2012,749900.0,5.8466697,21.678553,53.1655415,44.7879181
Пензенская область,2013,1291300.0,6.322767,23.99787,53.1655415,44.7879181
Пензенская область,2014,1265400.0,5.5898438,17.067862,53.1655415,44.7879181
Пензенская область,2015,1558500.0,6.565806,19.041546,53.1655415,44.7879181
Пензенская область,2016,1943900.0,6.3395157,23.629,53.1655415,44.7879181
Пензенская область,2017,2370400.0,5.754242,22.889893,53.1655415,44.7879181
Пензенская область,2018,1744600.0,5.347328,16.288738,53.1655415,44.7879181
Пензенская область,2019,1856800.0,6.448738,17.62792,53.1655415,44.7879181
Пензенская область,2020,3221700.0,6.70697,20.278605,53.1655415,44.7879181
Пензенская область,2021,2251600.0,6.0331244,23.397026,53.1655415,44.7879181
Пензенская область,2022,3270100.0,6.5563483,18.893589,53.1655415,44.7879181
Пензенская область,2023,3263800.0,6.7103524,10.692643,53.1655415,44.7879181
Пермский край,2006,443350.0,1.7903086,26.911465,58.5951603,56.3159546
Пермский край,2007,398100.0,3.038615,25.727335,58.5951603,56.3159546
Пермский край,2008,436420.0,4.0248923,26.508905,58.5951603,56.3159546
Пермский край,2009,450711.5,2.1769664,23.823435,58.5951603,56.3159546
Пермский край,2010,330800.0,2.0038223,20.848318,58.5951603,56.3159546
Пермский край,2011,444200.0,2.4232876,22.998201,58.5951603,56.3159546
Пермский край,2012,321600.0,2.8128154,24.120533,58.5951603,56.3159546
Пермский край,2013,274700.0,3.2293422,25.175732,58.5951603,56.3159546
Пермский край,2014,364700.0,1.9111328,24.041515,58.5951603,56.3159546
Пермский край,2015,303400.0,2.8462422,28.823965,58.5951603,56.3159546
Пермский край,2016,246700.0,3.5244114,20.627964,58.5951603,56.3159546
Пермский край,2017,353700.0,2.568858,26.18623,58.5951603,56.3159546
Пермский край,2018,371200.0,2.1682918,22.999163,58.5951603,56.3159546
Пермский край,2019,299800.0,2.8925858,32.859165,58.5951603,56.3159546
Пермский край,2020,356700.0,4.339457,22.316763,58.5951603,56.3159546
Пермский край,2021,257899.99999999997,2.972903,22.902187,58.5951603,56.3159546
Пермский край,2022,444900.0,3.442253,17.396305,58.5951603,56.3159546
Пермский край,2023,282900.0,4.2744803,9.419965,58.5951603,56.3159546
Приморский край,2006,139970.0,1.315862,28.905308,45.0819456,134.726645
Приморский край,2007,135030.0,2.4173584,29.070639,45.0819456,134.726645
Приморский край,2008,164070.0,2.1246655,25.61877,45.0819456,134.726645
Приморский край,2009,192702.0,1.0145302,28.301994,45.0819456,134.726645
Приморский край,2010,144700.0,1.0537897,34.633698,45.0819456,134.726645
Приморский край,2011,230500.0,0.8671341,30.66049,45.0819456,134.726645
Приморский край,2012,234500.0,0.8543218,31.436764,45.0819456,134.726645
Приморский край,2013,229300.0,1.2306442,32.974174,45.0819456,134.726645
Приморский край,2014,307300.0,1.4560534,26.051846,45.0819456,134.726645
Приморский край,2015,299700.0,2.2078946,31.591312,45.0819456,134.726645
Приморский край,2016,296800.0,1.090004,36.18012,45.0819456,134.726645
Приморский край,2017,329400.0,1.5651144,29.348587,45.0819456,134.726645
Приморский край,2018,344200.0,1.7548815,30.871752,45.0819456,134.726645
Приморский край,2019,376700.0,2.4025154,28.39336,45.0819456,134.726645
Приморский край,2020,381600.0,2.140564,35.997185,45.0819456,134.726645
Приморский край,2021,520600.0,2.4663937,27.01585,45.0819456,134.726645
Приморский край,2022,641400.0,2.0937831,29.204224,45.0819456,134.726645
Приморский край,2023,493800.0,2.1880531,20.9545,45.0819456,134.726645
Псковская область,2006,27200.0,6.320582,23.29461,57.5358729,28.8586826
Псковская область,2007,27100.0,6.735067,24.910711,57.5358729,28.8586826
Псковская область,2008,31010.0,7.350901,28.596245,57.5358729,28.8586826
Псковская область,2009,35298.299999999996,5.9798636,29.194916,57.5358729,28.8586826
Псковская область,2010,22600.0,5.561765,24.430923,57.5358729,28.8586826
Псковская область,2011,37500.0,6.8166785,23.175152,57.5358729,28.8586826
Псковская область,2012,53600.0,5.4117737,30.005434,57.5358729,28.8586826
Псковская область,2013,58000.0,6.553724,22.062336,57.5358729,28.8586826
Псковская область,2014,111900.0,6.998535,22.453283,57.5358729,28.8586826
Псковская область,2015,117000.0,7.5301614,21.6702,57.5358729,28.8586826
Псковская область,2016,116800.0,6.554685,28.942886,57.5358729,28.8586826
Псковская область,2017,81300.0,6.1770935,32.11004,57.5358729,28.8586826
Псковская область,2018,47200.0,7.060707,19.662212,57.5358729,28.8586826
Псковская область,2019,140600.0,7.4993567,29.009651,57.5358729,28.8586826
Псковская область,2020,151500.0,8.366313,24.024414,57.5358729,28.8586826
Псковская область,2021,147100.0,6.267011,26.069801,57.5358729,28.8586826
Псковская область,2022,169800.0,6.5171227,18.84808,57.5358729,28.8586826
Псковская область,2023,125500.0,7.143946,13.543068,57.5358729,28.8586826
Республика Адыгея,2006,304210.0,11.108342,30.38918,44.6939006,40.1520421
Республика Адыгея,2007,380850.0,12.160359,27.046637,44.6939006,40.1520421
Республика Адыгея,2008,542960.0,11.546376,24.100819,44.6939006,40.1520421
Республика Адыгея,2009,471526.4,11.8224745,28.6944,44.6939006,40.1520421
Республика Адыгея,2010,437500.0,13.309323,28.167904,44.6939006,40.1520421
Республика Адыгея,2011,427200.0,10.283475,29.664764,44.6939006,40.1520421
Республика Адыгея,2012,323400.0,11.7239485,23.944527,44.6939006,40.1520421
Республика Адыгея,2013,510000.0,12.278171,24.326887,44.6939006,40.1520421
Республика Адыгея,2014,541600.0,12.156087,26.071606,44.6939006,40.1520421
Республика Адыгея,2015,638900.0,12.503632,24.664356,44.6939006,40.1520421
Республика Адыгея,2016,699600.0,11.85807,29.352707,44.6939006,40.1520421
Республика Адыгея,2017,614200.0,12.188487,25.81596,44.6939006,40.1520421
Республика Адыгея,2018,553500.0,13.279945,22.438328,44.6939006,40.1520421
Республика Адыгея,2019,631200.0,12.806323,22.162605,44.6939006,40.1520421
Республика Адыгея,2020,734700.0,13.08376,18.809664,44.6939006,40.1520421
Республика Адыгея,2021,654900.0,11.889407,33.8801,44.6939006,40.1520421
Республика Адыгея,2022,618300.0,12.4168625,21.003567,44.6939006,40.1520421
Республика Адыгея,2023,559500.0,13.23558,16.26539,44.6939006,40.1520421
Республика Алтай,2006,12580.0,-2.7596588,27.194504,50.7114101,86.8572186
Республика Алтай,2007,22400.0,-1.820273,23.756653,50.7114101,86.8572186
Республика Алтай,2008,7980.0,-2.682462,24.10929,50.7114101,86.8572186
Республика Алтай,2009,16390.899999999998,-3.269324,31.503395,50.7114101,86.8572186
Республика Алтай,2010,10200.0,-3.7775905,27.79533,50.7114101,86.8572186
Республика Алтай,2011,8700.0,-3.1618373,18.766659,50.7114101,86.8572186
Республика Алтай,2012,5500.0,-2.941578,23.250498,50.7114101,86.8572186
Республика Алтай,2013,10100.0,-2.424305,28.433329,50.7114101,86.8572186
Республика Алтай,2014,9100.0,-3.5366237,25.023182,50.7114101,86.8572186
Республика Алтай,2015,7000.0,-2.4761875,29.96067,50.7114101,86.8572186
Республика Алтай,2016,10200.0,-2.896487,26.576307,50.7114101,86.8572186
Республика Алтай,2017,7100.0,-2.1334534,23.0239,50.7114101,86.8572186
Республика Алтай,2018,4000.0,-3.6556015,24.788458,50.7114101,86.8572186
Республика Алтай,2019,8600.0,-2.4689038,25.769348,50.7114101,86.8572186
Республика Алтай,2020,10800.0,-2.1908162,26.124033,50.7114101,86.8572186
Республика Алтай,2021,11000.0,-2.630286,25.217184,50.7114101,86.8572186
Республика Алтай,2022,11800.0,-2.9955711,18.731892,50.7114101,86.8572186
Республика Алтай,2023,6900.0,-2.3139,15.580338,50.7114101,86.8572186
Республика Башкортостан,2006,3883230.000000001,4.343531,25.099691,54.4747553,55.9784582
Республика Башкортостан,2007,4069390.0,4.518921,26.08098,54.4747553,55.9784582
Республика Башкортостан,2008,4532960.0,5.685537,21.171629,54.4747553,55.9784582
Республика Башкортостан,2009,2930763.9,4.6307425,16.589285,54.4747553,55.9784582
Республика Башкортостан,2010,781000.0,5.039467,15.920199,54.4747553,55.9784582
Республика Башкортостан,2011,3002900.0,3.3856888,21.189371,54.4747553,55.9784582
Республика Башкортостан,2012,1672200.0,5.428701,17.715008,54.4747553,55.9784582
Республика Башкортостан,2013,2038700.0,5.4075646,22.796635,54.4747553,55.9784582
Республика Башкортостан,2014,2420900.0,3.9379883,20.307991,54.4747553,55.9784582
Республика Башкортостан,2015,3005400.0,4.8366394,24.775177,54.4747553,55.9784582
Республика Башкортостан,2016,3324000.0,5.4477515,18.02695,54.4747553,55.9784582
Республика Башкортостан,2017,3782700.0,4.4861755,24.11862,54.4747553,55.9784582
Республика Башкортостан,2018,3058900.0,3.6969376,17.487946,54.4747553,55.9784582
Республика Башкортостан,2019,3246500.0,4.8860755,22.051113,54.4747553,55.9784582
Республика Башкортостан,2020,3839300.0,5.7497764,20.619648,54.4747553,55.9784582
Республика Башкортостан,2021,2060700.0,5.675377,16.901594,54.4747553,55.9784582
Республика Башкортостан,2022,5003900.0,4.730339,18.800325,54.4747553,55.9784582
Республика Башкортостан,2023,3207200.0,5.82282,10.644619,54.4747553,55.9784582
Республика Бурятия,2006,90940.0,-3.6792564,14.949789,52.7182426,109.492143
Республика Бурятия,2007,81610.0,-1.1147066,16.816101,52.7182426,109.492143
Республика Бурятия,2008,100770.0,-2.5029373,19.452528,52.7182426,109.492143
Республика Бурятия,2009,79286.2,-3.6942928,18.38796,52.7182426,109.492143
Республика Бурятия,2010,72400.0,-4.197512,14.217951,52.7182426,109.492143
Республика Бурятия,2011,97600.0,-2.2417514,13.388621,52.7182426,109.492143
Республика Бурятия,2012,125700.0,-4.597177,17.210678,52.7182426,109.492143
Республика Бурятия,2013,112600.0,-3.5606983,15.398417,52.7182426,109.492143
Республика Бурятия,2014,81400.0,-2.31413,12.672466,52.7182426,109.492143
Республика Бурятия,2015,21400.0,-1.9468918,11.381909,52.7182426,109.492143
Республика Бурятия,2016,33300.0,-2.9500363,13.290669,52.7182426,109.492143
Республика Бурятия,2017,39100.0,-2.4207256,14.924611,52.7182426,109.492143
Республика Бурятия,2018,72000.0,-3.0948918,16.821358,52.7182426,109.492143
Республика Бурятия,2019,86500.0,-2.7343647,14.495972,52.7182426,109.492143
Республика Бурятия,2020,89400.0,-1.8145142,20.201931,52.7182426,109.492143
Республика Бурятия,2021,122300.0,-3.1216595,18.228268,52.7182426,109.492143
Республика Бурятия,2022,116700.0,-3.2717755,11.488754,52.7182426,109.492143
Республика Бурятия,2023,140600.0,-2.9681969,10.620287,52.7182426,109.492143
Республика Дагестан,2006,254180.0,10.843205,23.870533,43.0,47.0
Республика Дагестан,2007,208280.0,11.120646,20.489279,43.0,47.0
Республика Дагестан,2008,281630.0,10.663727,26.196518,43.0,47.0
Республика Дагестан,2009,207461.4,10.8276825,29.562206,43.0,47.0
Республика Дагестан,2010,209700.0,12.359942,21.753914,43.0,47.0
Республика Дагестан,2011,244400.0,10.057727,23.927526,43.0,47.0
Республика Дагестан,2012,156500.0,11.374501,21.630884,43.0,47.0
Республика Дагестан,2013,270000.0,11.127292,28.171856,43.0,47.0
Республика Дагестан,2014,311700.0,11.349121,22.858982,43.0,47.0
Республика Дагестан,2015,341000.0,11.391978,25.777668,43.0,47.0
Республика Дагестан,2016,375900.0,10.997556,30.089754,43.0,47.0
Республика Дагестан,2017,400200.0,11.287282,22.337502,43.0,47.0
Республика Дагестан,2018,359500.0,11.925616,22.409122,43.0,47.0
Республика Дагестан,2019,385000.0,11.689786,21.598373,43.0,47.0
Республика Дагестан,2020,422400.0,12.020935,20.934896,43.0,47.0
Республика Дагестан,2021,450200.0,11.872968,22.757435,43.0,47.0
Республика Дагестан,2022,465200.0,11.874382,18.062317,43.0,47.0
Республика Дагестан,2023,485500.0,12.360255,11.52558,43.0,47.0
Республика Ингушетия,2006,40560.0,8.915634,28.060114,43.1655309,44.979682
Республика Ингушетия,2007,33260.0,9.384318,25.209103,43.1655309,44.979682
Республика Ингушетия,2008,57690.0,8.978993,30.073545,43.1655309,44.979682
Республика Ингушетия,2009,69356.79999999999,9.228398,32.25764,43.1655309,44.979682
Республика Ингушетия,2010,43900.0,10.645099,24.541922,43.1655309,44.979682
Республика Ингушетия,2011,73100.0,7.9172645,28.682621,43.1655309,44.979682
Республика Ингушетия,2012,54800.0,9.3142805,25.36353,43.1655309,44.979682
Республика Ингушетия,2013,95400.0,9.396497,27.851341,43.1655309,44.979682
Республика Ингушетия,2014,97700.0,9.583008,27.686033,43.1655309,44.979682
Республика Ингушетия,2015,71100.0,9.914276,23.30783,43.1655309,44.979682
Республика Ингушетия,2016,110700.0,9.270343,32.381508,43.1655309,44.979682
Республика Ингушетия,2017,47400.0,9.624196,24.300846,43.1655309,44.979682
Республика Ингушетия,2018,89400.0,10.276527,23.692276,43.1655309,44.979682
Республика Ингушетия,2019,40700.0,9.999194,21.821175,43.1655309,44.979682
Республика Ингушетия,2020,54800.0,10.257426,20.192059,43.1655309,44.979682
Республика Ингушетия,2021,134800.0,9.999759,24.443727,43.1655309,44.979682
Республика Ингушетия,2022,147700.0,9.915723,18.965061,43.1655309,44.979682
Республика Ингушетия,2023,175800.0,10.490138,12.074851,43.1655309,44.979682
Республика Калмыкия,2006,359530.00000000006,11.160426,10.936519,46.9017116,45.249161
Республика Калмыкия,2007,170230.0,12.068237,9.660192,46.9017116,45.249161
Республика Калмыкия,2008,437400.0,11.156728,9.70687,46.9017116,45.249161
Республика Калмыкия,2009,401510.0,11.215053,10.555619,46.9017116,45.249161
Республика Калмыкия,2010,275400.0,12.671628,10.502547,46.9017116,45.249161
Республика Калмыкия,2011,357000.0,10.633736,11.037203,46.9017116,45.249161
Республика Калмыкия,2012,159900.0,11.434723,7.42396,46.9017116,45.249161
Республика Калмыкия,2013,195500.0,12.115247,10.369618,46.9017116,45.249161
Республика Калмыкия,2014,297300.0,11.466309,8.962032,46.9017116,45.249161
Республика Калмыкия,2015,345400.0,12.265676,9.045466,46.9017116,45.249161
Республика Калмыкия,2016,500100.0,11.692706,11.898492,46.9017116,45.249161
Республика Калмыкия,2017,589800.0,11.891286,9.193904,46.9017116,45.249161
Республика Калмыкия,2018,461600.0,11.67171,11.569063,46.9017116,45.249161
Республика Калмыкия,2019,639800.0,12.015796,9.086493,46.9017116,45.249161
Республика Калмыкия,2020,584000.0,12.637146,8.770259,46.9017116,45.249161
Республика Калмыкия,2021,599000.0,12.24097,12.532857,46.9017116,45.249161
Республика Калмыкия,2022,707300.0,12.221875,7.7541585,46.9017116,45.249161
Республика Калмыкия,2023,806600.0,12.771062,6.6996646,46.9017116,45.249161
Республика Карелия,2006,1100.0,3.080185,21.913034,62.6194031,33.4920267
Республика Карелия,2007,740.0,3.6116943,24.503134,62.6194031,33.4920267
Республика Карелия,2008,420.0,3.7709858,25.150389,62.6194031,33.4920267
Республика Карелия,2009,351.3,2.8115692,25.416227,62.6194031,33.4920267
Республика Карелия,2010,200.0,2.0230281,21.851294,62.6194031,33.4920267
Республика Карелия,2011,200.0,3.8974075,23.037899,62.6194031,33.4920267
Республика Карелия,2012,100.0,2.0709534,26.370302,62.6194031,33.4920267
Республика Карелия,2013,100.0,4.175306,23.129364,62.6194031,33.4920267
Республика Карелия,2014,100.0,4.4296875,18.208508,62.6194031,33.4920267
Республика Карелия,2023,0.0,3.7792003,15.042509,62.6194031,33.4920267
Республика Коми,2006,1000.0,-1.5526289,24.606798,63.9881421,54.3326073
Республика Коми,2007,900.0,0.90124387,25.310547,63.9881421,54.3326073
Республика Коми,2008,770.0,0.6904195,24.90914,63.9881421,54.3326073
Республика Коми,2009,15.0,-1.3926951,22.400396,63.9881421,54.3326073
Республика Коми,2010,0.0,-0.9995969,20.677664,63.9881421,54.3326073
Республика Коми,2011,0.0,0.545358,21.73406,63.9881421,54.3326073
Республика Коми,2012,10.0,-0.018889109,22.014544,63.9881421,54.3326073
Республика Коми,2013,0.0,0.16000621,20.21539,63.9881421,54.3326073
Республика Коми,2014,0.0,-0.67366666,21.244576,63.9881421,54.3326073
Республика Коми,2015,0.0,0.2977384,23.381569,63.9881421,54.3326073
Республика Коми,2016,10.0,1.2265587,20.113367,63.9881421,54.3326073
Республика Крым,2014,1102100.0,11.299316,20.110239,44.9423753,34.0968267
Республика Крым,2015,1263100.0,11.011607,24.561123,44.9423753,34.0968267
Республика Крым,2016,1286500.0,11.018227,22.382658,44.9423753,34.0968267
Республика Крым,2017,1394000.0,11.148936,19.996956,44.9423753,34.0968267
Республика Крым,2018,761500.0,11.602862,19.805979,44.9423753,34.0968267
Республика Крым,2019,1470000.0,11.579272,16.054455,44.9423753,34.0968267
Республика Крым,2020,908300.0,11.833598,16.393581,44.9423753,34.0968267
Республика Крым,2021,1432800.0,10.708905,28.704369,44.9423753,34.0968267
Республика Крым,2022,1926800.0,10.874545,20.393,44.9423753,34.0968267
Республика Крым,2023,2041500.0,11.931381,14.951096,44.9423753,34.0968267
Республика Марий Эл,2006,210450.0,3.9000092,25.72534,56.5767504,47.8817512
Республика Марий Эл,2007,176970.0,4.9167075,25.464405,56.5767504,47.8817512
Республика Марий Эл,2008,249700.0,5.899404,23.124605,56.5767504,47.8817512
Республика Марий Эл,2009,279774.3,4.6844535,18.466898,56.5767504,47.8817512
Республика Марий Эл,2010,101900.0,4.9265113,17.13936,56.5767504,47.8817512
Республика Марий Эл,2011,289900.0,3.9281693,25.399471,56.5767504,47.8817512
Республика Марий Эл,2012,184200.0,4.1871643,25.253796,56.5767504,47.8817512
Республика Марий Эл,2013,158300.0,5.119316,22.747894,56.5767504,47.8817512
Республика Марий Эл,2014,225800.0,4.5974936,20.48673,56.5767504,47.8817512
Республика Марий Эл,2015,219400.0,5.2591653,23.505621,56.5767504,47.8817512
Республика Марий Эл,2016,214100.0,5.1495743,22.028032,56.5767504,47.8817512
Республика Марий Эл,2017,237200.0,4.319834,25.346182,56.5767504,47.8817512
Республика Марий Эл,2018,227600.0,3.98128,18.819149,56.5767504,47.8817512
Республика Марий Эл,2019,242600.0,5.0529046,22.32572,56.5767504,47.8817512
Республика Марий Эл,2020,317700.0,5.6421914,22.573906,56.5767504,47.8817512
Республика Марий Эл,2021,209000.0,4.6613793,19.847822,56.5767504,47.8817512
Республика Марий Эл,2022,381800.0,4.7282233,20.944572,56.5767504,47.8817512
Республика Марий Эл,2023,337300.0,5.4806976,9.332232,56.5767504,47.8817512
Республика Мордовия,2006,945140.0,4.402288,25.955614,54.4419829,44.4661144
Республика Мордовия,2007,906990.0,5.8175864,22.93079,54.4419829,44.4661144
Республика Мордовия,2008,1167910.0,6.481598,23.768538,54.4419829,44.4661144
Республика Мордовия,2009,1308416.3,5.4058075,19.94791,54.4419829,44.4661144
Республика Мордовия,2010,292100.0,5.9219537,19.757309,54.4419829,44.4661144
Республика Мордовия,2011,1034600.0,4.5230584,23.612934,54.4419829,44.4661144
Республика Мордовия,2012,797100.0,5.374176,22.7658,54.4419829,44.4661144
Республика Мордовия,2013,849100.0,5.9178185,25.25158,54.4419829,44.4661144
Республика Мордовия,2014,946900.0,5.347819,17.022547,54.4419829,44.4661144
Республика Мордовия,2015,1039600.0,6.0635276,20.66581,54.4419829,44.4661144
Республика Мордовия,2016,1192400.0,5.930987,22.683594,54.4419829,44.4661144
Республика Мордовия,2017,1335600.0,5.3157654,25.506577,54.4419829,44.4661144
Республика Мордовия,2018,1068300.0,5.0802383,15.343252,54.4419829,44.4661144
Республика Мордовия,2019,1226600.0,6.2439857,16.427982,54.4419829,44.4661144
Республика Мордовия,2020,1621800.0,6.3747764,21.76998,54.4419829,44.4661144
Республика Мордовия,2021,1137200.0,5.6647973,19.971699,54.4419829,44.4661144
Республика Мордовия,2022,1648300.0,5.834343,20.41527,54.4419829,44.4661144
Республика Мордовия,2023,1957600.0,6.3184257,11.45063,54.4419829,44.4661144
Республика Саха (Якутия),2006,12840.0,-13.015519,13.612938,66.941626,129.642371
Республика Саха (Якутия),2007,12590.0,-12.587852,12.51236,66.941626,129.642371
Республика Саха (Якутия),2008,6380.0,-12.194996,9.581753,66.941626,129.642371
Республика Саха (Якутия),2009,7643.7,-13.228799,11.766792,66.941626,129.642371
Республика Саха (Якутия),2010,10300.0,-12.494713,9.629429,66.941626,129.642371
Республика Саха (Якутия),2011,7800.0,-12.497939,11.761862,66.941626,129.642371
Республика Саха (Якутия),2012,6300.0,-12.169278,9.833433,66.941626,129.642371
Республика Саха (Якутия),2013,11800.0,-12.717762,9.934802,66.941626,129.642371
Республика Саха (Якутия),2014,12200.0,-12.548992,12.578454,66.941626,129.642371
Республика Саха (Якутия),2015,8100.0,-12.657828,12.235887,66.941626,129.642371
Республика Саха (Якутия),2016,12100.0,-12.5411825,13.501804,66.941626,129.642371
Республика Саха (Якутия),2017,5900.0,-12.093415,10.121188,66.941626,129.642371
Республика Саха (Якутия),2018,9600.0,-11.446782,9.062152,66.941626,129.642371
Республика Саха (Якутия),2019,10600.0,-11.935372,8.167322,66.941626,129.642371
Республика Саха (Якутия),2020,9100.0,-10.707742,11.478686,66.941626,129.642371
Республика Саха (Якутия),2021,9300.0,-11.643795,10.272824,66.941626,129.642371
Республика Саха (Якутия),2022,10100.0,-11.668096,13.851814,66.941626,129.642371
Республика Саха (Якутия),2023,11400.0,-12.622658,6.1440916,66.941626,129.642371
Республика Северная Осетия-Алания,2006,229630.00000000003,7.6260834,45.77632,42.9920711,44.2636348
Республика Северная Осетия-Алания,2007,341590.0,7.8221436,42.937885,42.9920711,44.2636348
Республика Северная Осетия-Алания,2008,520350.0,7.567698,47.660755,42.9920711,44.2636348
Республика Северная Осетия-Алания,2009,457525.6999999999,7.8616996,52.62884,42.9920711,44.2636348
Республика Северная Осетия-Алания,2010,400600.0,9.645424,42.774975,42.9920711,44.2636348
Республика Северная Осетия-Алания,2011,495000.0,6.644152,45.148136,42.9920711,44.2636348
Республика Северная Осетия-Алания,2012,517900.0,8.0989485,40.594334,42.9920711,44.2636348
Республика Северная Осетия-Алания,2013,648500.0,8.115247,42.345623,42.9920711,44.2636348
Республика Северная Осетия-Алания,2014,650400.0,8.331218,47.57339,42.9920711,44.2636348
Республика Северная Осетия-Алания,2015,552000.0,8.47173,42.02848,42.9920711,44.2636348
Республика Северная Осетия-Алания,2016,607500.0,7.8248672,50.32819,42.9920711,44.2636348
Республика Северная Осетия-Алания,2017,638800.0,8.394379,41.23582,42.9920711,44.2636348
Республика Северная Осетия-Алания,2018,763800.0,9.087888,44.39861,42.9920711,44.2636348
Республика Северная Осетия-Алания,2019,791200.0,8.704597,38.645695,42.9920711,44.2636348
Республика Северная Осетия-Алания,2020,826900.0,8.700134,34.646557,42.9920711,44.2636348
Республика Северная Осетия-Алания,2021,876500.0,8.459231,38.9215,42.9920711,44.2636348
Республика Северная Осетия-Алания,2022,788100.0,8.41198,33.70286,42.9920711,44.2636348
Республика Северная Осетия-Алания,2023,857000.0,9.030014,21.49522,42.9920711,44.2636348
Республика Татарстан,2006,4157950.0,4.2061615,22.474003,55.448217,50.4763591
Республика Татарстан,2007,4733490.0,4.9165444,24.282244,55.448217,50.4763591
Республика Татарстан,2008,5742510.0,5.959951,21.839165,55.448217,50.4763591
Республика Татарстан,2009,4441779.8,4.890345,13.812425,55.448217,50.4763591
Республика Татарстан,2010,661100.0,5.193438,15.120596,55.448217,50.4763591
Республика Татарстан,2011,4867700.0,3.7704556,23.06221,55.448217,50.4763591
Республика Татарстан,2012,2990500.0,5.0484924,20.386883,55.448217,50.4763591
Республика Татарстан,2013,2611500.0,5.634127,20.614897,55.448217,50.4763591
Республика Татарстан,2014,3366000.0,4.2618814,21.17465,55.448217,50.4763591
Республика Татарстан,2015,3367700.0,5.3250833,20.947903,55.448217,50.4763591
Республика Татарстан,2016,4105200.0,5.575681,20.907183,55.448217,50.4763591
Республика Татарстан,2017,4868200.0,4.6687927,21.429708,55.448217,50.4763591
Республика Татарстан,2018,3657600.0,4.134275,17.04334,55.448217,50.4763591
Республика Татарстан,2019,4167899.999999999,5.1626053,21.339354,55.448217,50.4763591
Республика Татарстан,2020,5200800.0,6.075297,18.917093,55.448217,50.4763591
Республика Татарстан,2021,2353000.0,5.3257675,17.26553,55.448217,50.4763591
Республика Татарстан,2022,5213500.0,5.1611657,19.8331,55.448217,50.4763591
Республика Татарстан,2023,3603700.0,6.1270194,8.423046,55.448217,50.4763591
Республика Тыва,2006,12330.0,0.54812115,15.259897,51.4017149,93.8582593
Республика Тыва,2007,7600.0,1.7879639,9.66895,51.4017149,93.8582593
Республика Тыва,2008,12360.0,1.384594,12.514622,51.4017149,93.8582593
Республика Тыва,2009,13353.5,0.20886485,13.290161,51.4017149,93.8582593
Республика Тыва,2010,17700.0,-1.1244329,14.754132,51.4017149,93.8582593
Республика Тыва,2011,19500.0,0.061958313,11.478367,51.4017149,93.8582593
Республика Тыва,2012,14000.0,-0.40039954,9.753794,51.4017149,93.8582593
Республика Тыва,2013,16700.0,0.8698044,12.41335,51.4017149,93.8582593
Республика Тыва,2014,7500.0,0.5545222,9.889212,51.4017149,93.8582593
Республика Тыва,2015,3200.0,1.3210131,11.21711,51.4017149,93.8582593
Республика Тыва,2016,8500.0,0.2609024,13.627771,51.4017149,93.8582593
Республика Тыва,2017,7000.0,1.6355883,12.308075,51.4017149,93.8582593
Республика Тыва,2018,14700.0,-0.18001556,18.225525,51.4017149,93.8582593
Республика Тыва,2019,26400.0,0.705087,13.687278,51.4017149,93.8582593
Республика Тыва,2020,19500.0,1.3350626,16.80141,51.4017149,93.8582593
Республика Тыва,2021,22100.0,0.48934174,15.104,51.4017149,93.8582593
Республика Тыва,2022,12500.0,0.23766454,6.461021,51.4017149,93.8582593
Республика Тыва,2023,15000.0,1.011458,6.2943287,51.4017149,93.8582593
Республика Хакасия,2006,65060.0,-0.3630117,21.283802,53.4399379,90.0664303
Республика Хакасия,2007,80280.0,1.5882568,19.939854,53.4399379,90.0664303
Республика Хакасия,2008,84550.0,1.0377516,22.247345,53.4399379,90.0664303
Республика Хакасия,2009,111777.5,-0.50337344,22.482494,53.4399379,90.0664303
Республика Хакасия,2010,128900.0,-1.8122584,20.496256,53.4399379,90.0664303
Республика Хакасия,2011,173900.0,0.23692577,15.6042,53.4399379,90.0664303
Республика Хакасия,2012,137500.0,-0.5517667,19.811728,53.4399379,90.0664303
Республика Хакасия,2013,130600.0,0.34359995,19.564194,53.4399379,90.0664303
Республика Хакасия,2014,162900.0,-0.29850388,19.301903,53.4399379,90.0664303
Республика Хакасия,2015,115600.0,1.3221537,19.429722,53.4399379,90.0664303
Республика Хакасия,2016,121900.0,-0.4721705,22.61972,53.4399379,90.0664303
Республика Хакасия,2017,108900.0,1.2233175,17.805649,53.4399379,90.0664303
Республика Хакасия,2018,99500.0,-0.8385442,17.968859,53.4399379,90.0664303
Республика Хакасия,2019,141400.0,0.13428497,21.198215,53.4399379,90.0664303
Республика Хакасия,2020,161200.0,1.5922241,18.098164,53.4399379,90.0664303
Республика Хакасия,2021,155400.0,0.22859955,20.073847,53.4399379,90.0664303
Республика Хакасия,2022,141800.0,-0.11634064,11.9954195,53.4399379,90.0664303
Республика Хакасия,2023,181400.0,0.4984385,10.17103,53.4399379,90.0664303
Ростовская область,2006,6309809.999999999,10.292587,16.983774,47.6222451,40.7957942
Ростовская область,2007,4097050.0,11.914592,13.101365,47.6222451,40.7957942
Ростовская область,2008,8871110.0,10.41275,15.489922,47.6222451,40.7957942
Ростовская область,2009,6598033.6,10.768764,16.635927,47.6222451,40.7957942
Ростовская область,2010,6620900.0,11.86987,17.395004,47.6222451,40.7957942
Ростовская область,2011,7735900.0,9.741646,15.293727,47.6222451,40.7957942
Ростовская область,2012,6159500.0,10.786611,14.675699,47.6222451,40.7957942
Ростовская область,2013,6617000.0,11.358249,16.822462,47.6222451,40.7957942
Ростовская область,2014,9345400.0,10.654134,14.711057,47.6222451,40.7957942
Ростовская область,2015,9626200.0,11.509491,14.968,47.6222451,40.7957942
Ростовская область,2016,11595800.0,10.982094,19.984919,47.6222451,40.7957942
Ростовская область,2017,13385400.0,11.382172,16.307003,47.6222451,40.7957942
Ростовская область,2018,10911600.0,11.17171,14.0967245,47.6222451,40.7957942
Ростовская область,2019,12103000.0,11.733894,13.911205,47.6222451,40.7957942
Ростовская область,2020,12464500.0,11.910747,13.424779,47.6222451,40.7957942
Ростовская область,2021,13597400.0,11.065351,22.171253,47.6222451,40.7957942
Ростовская область,2022,15252000.0,11.524284,13.749871,47.6222451,40.7957942
Ростовская область,2023,16170300.0,11.729884,10.922525,47.6222451,40.7957942
Рязанская область,2006,935910.0,5.237574,25.284853,54.4226732,40.5705246
Рязанская область,2007,948930.0,7.089396,20.449627,54.4226732,40.5705246
Рязанская область,2008,1554480.0,7.3310447,24.457357,54.4226732,40.5705246
Рязанская область,2009,1569555.6,6.1374154,21.771156,54.4226732,40.5705246
Рязанская область,2010,655100.0,6.708412,16.163624,54.4226732,40.5705246
Рязанская область,2011,938300.0,6.0201287,17.906101,54.4226732,40.5705246
Рязанская область,2012,1059100.0,6.068512,22.797897,54.4226732,40.5705246
Рязанская область,2013,1254600.0,6.822441,23.509045,54.4226732,40.5705246
Рязанская область,2014,1397900.0,6.622721,15.734602,54.4226732,40.5705246
Рязанская область,2015,1623300.0,7.251516,20.259396,54.4226732,40.5705246
Рязанская область,2016,1554800.0,6.6276016,24.653908,54.4226732,40.5705246
Рязанская область,2017,2083400.0,6.369802,24.269836,54.4226732,40.5705246
Рязанская область,2018,1609100.0,6.4182916,15.216033,54.4226732,40.5705246
Рязанская область,2019,2047600.0,7.449389,18.145653,54.4226732,40.5705246
Рязанская область,2020,2793700.0,7.8711953,19.171307,54.4226732,40.5705246
Рязанская область,2021,2236500.0,6.5235214,22.742727,54.4226732,40.5705246
Рязанская область,2022,3065600.0,6.692904,19.892267,54.4226732,40.5705246
Рязанская область,2023,2780300.0,7.1589203,11.521189,54.4226732,40.5705246
Самарская область,2006,1251330.0,5.471298,18.311035,52.676757,50.5873689
Самарская область,2007,1401660.0,6.1997476,20.904486,52.676757,50.5873689
Самарская область,2008,1824410.0,7.1367087,16.625904,52.676757,50.5873689
Самарская область,2009,1128010.7,6.303431,12.335265,52.676757,50.5873689
Самарская область,2010,489200.0,7.178627,11.910513,52.676757,50.5873689
Самарская область,2011,1212800.0,4.650988,22.725622,52.676757,50.5873689
Самарская область,2012,1106800.0,6.9573464,15.805178,52.676757,50.5873689
Самарская область,2013,1629400.0,6.9674606,18.942808,52.676757,50.5873689
Самарская область,2014,2070100.0,5.770345,14.262136,52.676757,50.5873689
Самарская область,2015,1332800.0,6.6948752,18.659048,52.676757,50.5873689
Самарская область,2016,2119400.0,6.7478814,19.72868,52.676757,50.5873689
Самарская область,2017,2750800.0,6.0561624,18.545135,52.676757,50.5873689
Самарская область,2018,1830600.0,5.5441055,11.757086,52.676757,50.5873689
Самарская область,2019,1892600.0,6.5906653,15.417706,52.676757,50.5873689
Самарская область,2020,2923600.0,7.256124,15.014374,52.676757,50.5873689
Самарская область,2021,1952200.0,7.10718,15.332991,52.676757,50.5873689
Самарская область,2022,3656700.0,6.619011,17.481894,52.676757,50.5873689
Самарская область,2023,2755200.0,7.412989,9.357806,52.676757,50.5873689
Саратовская область,2006,3435700.0,6.4879,17.484163,51.6520555,46.8631952
Саратовская область,2007,3337480.0,7.7482505,15.984721,51.6520555,46.8631952
Саратовская область,2008,3853540.0,8.099111,13.845467,51.6520555,46.8631952
Саратовская область,2009,2774573.4000000004,7.1829886,12.376928,51.6520555,46.8631952
Саратовская область,2010,1032300.0,8.022214,14.442831,51.6520555,46.8631952
Саратовская область,2011,2065800.0,5.9831824,16.714397,51.6520555,46.8631952
Саратовская область,2012,2203100.0,7.5322165,13.54263,51.6520555,46.8631952
Саратовская область,2013,3192000.0,7.8691535,17.04019,51.6520555,46.8631952
Саратовская область,2014,3682600.0,6.8751626,13.505574,51.6520555,46.8631952
Саратовская область,2015,2212900.0,8.201874,15.228211,51.6520555,46.8631952
Саратовская область,2016,4258600.0,8.100421,17.239618,51.6520555,46.8631952
Саратовская область,2017,5825800.0,7.4747825,17.472095,51.6520555,46.8631952
Саратовская область,2018,3313800.0,6.41406,14.065581,51.6520555,46.8631952
Саратовская область,2019,3182200.0,7.7555413,13.356912,51.6520555,46.8631952
Саратовская область,2020,5303500.0,8.334249,12.309761,51.6520555,46.8631952
Саратовская область,2021,3699900.0,7.8680854,16.816587,51.6520555,46.8631952
Саратовская область,2022,6792600.0,7.867058,17.727316,51.6520555,46.8631952
Саратовская область,2023,5925200.0,8.20726,8.490889,51.6520555,46.8631952
Свердловская область,2006,720260.0,0.8567149,22.051987,58.6414755,61.8021546
Свердловская область,2007,583660.0,2.8117256,19.947618,58.6414755,61.8021546
Свердловская область,2008,630170.0,3.5024312,21.503918,58.6414755,61.8021546
Свердловская область,2009,676011.5,1.2726694,20.266504,58.6414755,61.8021546
Свердловская область,2010,549200.0,1.1214968,14.952578,58.6414755,61.8021546
Свердловская область,2011,762500.0,1.946237,17.210665,58.6414755,61.8021546
Свердловская область,2012,521200.00000000006,2.3950107,17.885805,58.6414755,61.8021546
Свердловская область,2013,610800.0,2.4225388,18.06542,58.6414755,61.8021546
Свердловская область,2014,660600.0,0.97216797,22.442926,58.6414755,61.8021546
Свердловская область,2015,629500.0,2.161021,21.84134,58.6414755,61.8021546
Свердловская область,2016,597000.0,2.3618126,17.769384,58.6414755,61.8021546
Свердловская область,2017,754200.0,2.2586353,21.160448,58.6414755,61.8021546
Свердловская область,2018,615600.0,1.4793268,16.722898,58.6414755,61.8021546
Свердловская область,2019,708100.0,2.5693436,25.14656,58.6414755,61.8021546
Свердловская область,2020,673500.0,4.3664756,17.225863,58.6414755,61.8021546
Свердловская область,2021,520900.0,2.4278183,12.690989,58.6414755,61.8021546
Свердловская область,2022,913300.0,2.9059575,13.887342,58.6414755,61.8021546
Свердловская область,2023,655800.0,3.8299816,8.233432,58.6414755,61.8021546
Смоленская область,2006,88080.0,5.3773856,25.897127,55.0343496,33.0192065
Смоленская область,2007,127770.0,6.4621177,24.351671,55.0343496,33.0192065
Смоленская область,2008,158260.0,6.7809143,25.391914,55.0343496,33.0192065
Смоленская область,2009,166269.1,5.863978,28.729485,55.0343496,33.0192065
Смоленская область,2010,85800.0,6.039467,25.382393,55.0343496,33.0192065
Смоленская область,2011,207000.0,6.1286902,25.357971,55.0343496,33.0192065
Смоленская область,2012,217000.0,5.1904197,31.423054,55.0343496,33.0192065
Смоленская область,2013,188300.0,6.087415,26.256521,55.0343496,33.0192065
Смоленская область,2014,228200.0,6.626953,16.798336,55.0343496,33.0192065
Смоленская область,2015,238100.0,7.1948752,19.39164,55.0343496,33.0192065
Смоленская область,2016,232600.0,6.1508765,27.730387,55.0343496,33.0192065
Смоленская область,2017,242500.0,6.051768,26.707186,55.0343496,33.0192065
Смоленская область,2018,278400.0,6.185707,19.795504,55.0343496,33.0192065
Смоленская область,2019,318600.0,7.362475,20.895947,55.0343496,33.0192065
Смоленская область,2020,301900.0,7.8088584,28.259123,55.0343496,33.0192065
Смоленская область,2021,275400.0,5.9328637,25.186647,55.0343496,33.0192065
Смоленская область,2022,353600.0,6.1491218,20.144041,55.0343496,33.0192065
Смоленская область,2023,379400.0,6.998113,13.335124,55.0343496,33.0192065
Ставропольский край,2006,6280740.0,10.785588,21.343527,44.8632577,43.4406913
Ставропольский край,2007,7017960.0,11.734904,17.977077,44.8632577,43.4406913
Ставропольский край,2008,8413300.0,10.55191,17.882236,44.8632577,43.4406913
Ставропольский край,2009,6934871.199999999,11.023646,20.767757,44.8632577,43.4406913
Ставропольский край,2010,6869600.0,12.32088,19.162373,44.8632577,43.4406913
Ставропольский край,2011,8186000.0,10.06619,17.64282,44.8632577,43.4406913
Ставропольский край,2012,4839500.0,11.318349,16.083889,44.8632577,43.4406913
Ставропольский край,2013,6962000.0,11.472018,19.62408,44.8632577,43.4406913
Ставропольский край,2014,8555800.0,11.217448,17.54247,44.8632577,43.4406913
Ставропольский край,2015,8928500.0,11.765676,15.4574585,44.8632577,43.4406913
Ставропольский край,2016,10249900.0,11.159665,21.801445,44.8632577,43.4406913
Ставропольский край,2017,10047100.0,11.681813,16.552656,44.8632577,43.4406913
Ставропольский край,2018,8933200.0,12.157875,16.755882,44.8632577,43.4406913
Ставропольский край,2019,8400200.0,12.144864,12.923818,44.8632577,43.4406913
Ставропольский край,2020,5762700.0,12.665955,12.071023,44.8632577,43.4406913
Ставропольский край,2021,9240700.0,11.736737,19.884792,44.8632577,43.4406913
Ставропольский край,2022,9319400.0,12.138217,11.485479,44.8632577,43.4406913
Ставропольский край,2023,9137800.0,12.457748,9.0796,44.8632577,43.4406913
Тамбовская область,2006,1701150.0,5.556259,24.141994,52.9019574,41.3578918
Тамбовская область,2007,1584520.0,7.4022217,18.712978,52.9019574,41.3578918
Тамбовская область,2008,2869660.0,7.552073,20.81176,52.9019574,41.3578918
Тамбовская область,2009,2632647.7,6.782435,17.689886,52.9019574,41.3578918
Тамбовская область,2010,925600.0,7.381101,16.44756,52.9019574,41.3578918
Тамбовская область,2011,1919800.0,6.031359,20.907352,52.9019574,41.3578918
Тамбовская область,2012,1866000.0,6.682444,21.574825,52.9019574,41.3578918
Тамбовская область,2013,2993400.0,7.2828903,20.312254,52.9019574,41.3578918
Тамбовская область,2014,3120200.0,6.9842124,15.173313,52.9019574,41.3578918
Тамбовская область,2015,3445600.0,7.394094,21.255388,52.9019574,41.3578918
Тамбовская область,2016,3250400.0,7.029783,27.446625,52.9019574,41.3578918
Тамбовская область,2017,4143600.000000001,6.8341575,22.086887,52.9019574,41.3578918
Тамбовская область,2018,3366200.0,6.5706353,17.109367,52.9019574,41.3578918
Тамбовская область,2019,3412500.0,7.8426185,16.193586,52.9019574,41.3578918
Тамбовская область,2020,4920600.0,8.21283,18.793205,52.9019574,41.3578918
Тамбовская область,2021,3553700.0,7.0243354,22.258425,52.9019574,41.3578918
Тамбовская область,2022,4528300.0,7.21683,19.740246,52.9019574,41.3578918
Тамбовская область,2023,5137600.0,7.482488,11.725146,52.9019574,41.3578918
Тверская область,2006,129090.0,4.8513436,22.115257,57.1134475,35.1744428
Тверская область,2007,138730.0,5.8278403,22.579905,57.1134475,35.1744428
Тверская область,2008,147480.0,6.3147683,25.642239,57.1134475,35.1744428
Тверская область,2009,121303.7,5.3765106,28.671059,57.1134475,35.1744428
Тверская область,2010,62500.0,5.1109185,26.31253,57.1134475,35.1744428
Тверская область,2011,90100.0,5.75841,24.457785,57.1134475,35.1744428
Тверская область,2012,82400.0,4.403961,30.152628,57.1134475,35.1744428
Тверская область,2013,86400.0,5.667005,22.892838,57.1134475,35.1744428
Тверская область,2014,108300.0,6.1512046,16.01035,57.1134475,35.1744428
Тверская область,2015,117300.0,6.4731956,21.341875,57.1134475,35.1744428
Тверская область,2016,100000.0,5.611651,26.022938,57.1134475,35.1744428
Тверская область,2017,99800.0,5.2892356,24.881582,57.1134475,35.1744428
Тверская область,2018,80900.0,5.6398087,20.018536,57.1134475,35.1744428
Тверская область,2019,122100.0,6.687182,24.76393,57.1134475,35.1744428
Тверская область,2020,107400.0,7.279724,28.136866,57.1134475,35.1744428
Тверская область,2021,102200.0,5.376223,23.439583,57.1134475,35.1744428
Тверская область,2022,155800.0,5.509636,18.470272,57.1134475,35.1744428
Тверская область,2023,179100.0,5.989975,13.1556225,57.1134475,35.1744428
Томская область,2006,281810.0,-1.2630781,18.839706,58.6124279,82.0475315
Томская область,2007,339980.0,1.3716215,24.746946,58.6124279,82.0475315
Томская область,2008,408840.0,0.97053146,24.563135,58.6124279,82.0475315
Томская область,2009,397438.1,-1.6298395,17.24151,58.6124279,82.0475315
Томская область,2010,359200.0,-2.6722844,22.670553,58.6124279,82.0475315
Томская область,2011,317600.0,0.8824336,19.101711,58.6124279,82.0475315
Томская область,2012,146600.0,0.2983322,13.247192,58.6124279,82.0475315
Томская область,2013,320100.0,0.45330048,25.981066,58.6124279,82.0475315
Томская область,2014,296500.0,-0.48226166,17.048468,58.6124279,82.0475315
Томская область,2015,300300.0,1.6346537,24.151012,58.6124279,82.0475315
Томская область,2016,303500.0,0.84439725,14.125366,58.6124279,82.0475315
Томская область,2017,362800.0,1.3255297,18.54943,58.6124279,82.0475315
Томская область,2018,335200.0,-0.9236679,21.867867,58.6124279,82.0475315
Томская область,2019,341300.0,1.1495844,18.512796,58.6124279,82.0475315
Томская область,2020,412700.0,3.116801,23.067804,58.6124279,82.0475315
Томская область,2021,403500.0,-0.094317116,17.761444,58.6124279,82.0475315
Томская область,2022,452700.0,0.87389374,16.051105,58.6124279,82.0475315
Томская область,2023,333700.0,1.8387705,10.9892435,58.6124279,82.0475315
Тульская область,2006,742750.0,4.928167,24.301779,53.9570701,37.3690909
Тульская область,2007,862220.0,6.4805093,21.877632,53.9570701,37.3690909
Тульская область,2008,1333100.0,6.9125876,22.790655,53.9570701,37.3690909
Тульская область,2009,1476454.8,5.842331,21.009409,53.9570701,37.3690909
Тульская область,2010,856100.0,6.338295,18.97636,53.9570701,37.3690909
Тульская область,2011,890500.0,5.8275833,18.200825,53.9570701,37.3690909
Тульская область,2012,1140900.0,5.552887,24.954132,53.9570701,37.3690909
Тульская область,2013,1199500.0,6.080742,25.293392,53.9570701,37.3690909
Тульская область,2014,1464500.0,6.511556,14.145714,53.9570701,37.3690909
Тульская область,2015,1465800.0,7.063853,21.02629,53.9570701,37.3690909
Тульская область,2016,1554800.0,5.9449844,28.762167,53.9570701,37.3690909
Тульская область,2017,1870800.0,6.039561,23.61841,53.9570701,37.3690909
Тульская область,2018,1732300.0,5.9923477,15.496421,53.9570701,37.3690909
Тульская область,2019,2023600.0,7.285652,19.74872,53.9570701,37.3690909
Тульская область,2020,2578800.0,7.630961,22.82692,53.9570701,37.3690909
Тульская область,2021,2205700.0,5.883873,24.015133,53.9570701,37.3690909
Тульская область,2022,2672500.0,6.161817,21.861229,53.9570701,37.3690909
Тульская область,2023,2588500.0,6.728907,14.696552,53.9570701,37.3690909
Тюменская область,2006,1352760.0,-0.5020091,23.832565,58.8206488,70.3658837
Тюменская область,2007,1271110.0,1.8190498,24.793625,58.8206488,70.3658837
Тюменская область,2008,1238360.0,2.1079,19.26113,58.8206488,70.3658837
Тюменская область,2009,1525090.6,-0.07043203,18.740059,58.8206488,70.3658837
Тюменская область,2010,1232000.0,-1.1099472,17.972282,58.8206488,70.3658837
Тюменская область,2011,1919500.0,0.9148229,18.89662,58.8206488,70.3658837
Тюменская область,2012,1268700.0,1.2927984,17.31021,58.8206488,70.3658837
Тюменская область,2013,1332500.0,1.0481898,18.484657,58.8206488,70.3658837
Тюменская область,2014,1481900.0,-0.36832938,23.834927,58.8206488,70.3658837
Тюменская область,2015,1337000.0,1.2637228,24.968266,58.8206488,70.3658837
Тюменская область,2016,1286400.0,1.1033491,17.735813,58.8206488,70.3658837
Тюменская область,2017,1585900.0,1.3636156,17.414755,58.8206488,70.3658837
Тюменская область,2018,1341200.0,0.085936226,19.7735,58.8206488,70.3658837
Тюменская область,2019,1481700.0,1.3154373,20.87019,58.8206488,70.3658837
Тюменская область,2020,1357100.0,3.564392,20.80714,58.8206488,70.3658837
Тюменская область,2021,1128900.0,0.8859889,17.371555,58.8206488,70.3658837
Тюменская область,2022,1901800.0,1.1917648,15.330494,58.8206488,70.3658837
Тюменская область,2023,1548200.0,2.5746105,10.498606,58.8206488,70.3658837
Удмуртская Республика,2006,567550.0,2.6968842,26.681576,57.1961165,52.6959832
Удмуртская Республика,2007,556410.0,3.3776448,27.282495,57.1961165,52.6959832
Удмуртская Республика,2008,646110.0,4.535797,23.964428,57.1961165,52.6959832
Удмуртская Республика,2009,654654.6000000001,2.9751434,20.255873,57.1961165,52.6959832
Удмуртская Республика,2010,312900.0,3.38517,17.618246,57.1961165,52.6959832
Удмуртская Республика,2011,640800.0,2.6644986,24.900871,57.1961165,52.6959832
Удмуртская Республика,2012,482200.0,3.4550679,23.42736,57.1961165,52.6959832
Удмуртская Республика,2013,306100.0,4.015312,22.970398,57.1961165,52.6959832
Удмуртская Республика,2014,609800.0,2.6648762,22.545715,57.1961165,52.6959832
Удмуртская Республика,2015,529900.0,3.6315613,27.68878,57.1961165,52.6959832
Удмуртская Республика,2016,542400.0,4.0006485,21.273407,57.1961165,52.6959832
Удмуртская Республика,2017,703100.0,3.0929463,24.723406,57.1961165,52.6959832
Удмуртская Республика,2018,629800.0,2.6616185,21.186317,57.1961165,52.6959832
Удмуртская Республика,2019,625900.0,3.4436924,26.366266,57.1961165,52.6959832
Удмуртская Республика,2020,647700.0,4.7115273,22.165867,57.1961165,52.6959832
Удмуртская Республика,2021,484700.0,3.731041,18.671837,57.1961165,52.6959832
Удмуртская Республика,2022,889100.0,3.7067387,20.584497,57.1961165,52.6959832
Удмуртская Республика,2023,591600.0,4.612371,9.5328245,57.1961165,52.6959832
Ульяновская область,2006,724430.0000000001,4.4115653,22.52574,54.1463177,47.2324921
Ульяновская область,2007,763410.0,5.417521,20.704859,54.1463177,47.2324921
Ульяновская область,2008,1128670.0,6.3535056,18.67517,54.1463177,47.2324921
Ульяновская область,2009,1144326.6,5.247767,14.324704,54.1463177,47.2324921
Ульяновская область,2010,272900.0,5.8441544,15.728116,54.1463177,47.2324921
Ульяновская область,2011,1297700.0,4.0801873,23.815746,54.1463177,47.2324921
Ульяновская область,2012,651100.0,5.2314353,21.15228,54.1463177,47.2324921
Ульяновская область,2013,903400.0,5.9036584,23.424706,54.1463177,47.2324921
Ульяновская область,2014,1064300.0,5.1062827,17.180813,54.1463177,47.2324921
Ульяновская область,2015,859600.0,6.04953,18.409431,54.1463177,47.2324921
Ульяновская область,2016,1187100.0,5.851397,21.087017,54.1463177,47.2324921
Ульяновская область,2017,1549400.0,5.1421,22.372469,54.1463177,47.2324921
Ульяновская область,2018,1167600.0,4.8574195,14.494839,54.1463177,47.2324921
Ульяновская область,2019,1176400.0,6.091316,16.291866,54.1463177,47.2324921
Ульяновская область,2020,2015800.0,6.434672,17.7746,54.1463177,47.2324921
Ульяновская область,2021,1169900.0,5.8161645,16.050089,54.1463177,47.2324921
Ульяновская область,2022,2113700.0,5.94795,18.225079,54.1463177,47.2324921
Ульяновская область,2023,1861900.0,6.3307953,8.494389,54.1463177,47.2324921
Хабаровский край,2006,17860.0,-1.9059817,21.245365,51.6312684,136.121524
Хабаровский край,2007,22730.0,-0.17541759,21.914087,51.6312684,136.121524
Хабаровский край,2008,26620.0,-0.01107661,19.1419,51.6312684,136.121524
Хабаровский край,2009,17064.500000000004,-1.1672745,27.779715,51.6312684,136.121524
Хабаровский край,2010,5600.0,-1.1861191,27.359463,51.6312684,136.121524
Хабаровский край,2011,10400.0,-0.5855026,23.127916,51.6312684,136.121524
Хабаровский край,2012,13700.0,-1.0184008,20.868383,51.6312684,136.121524
Хабаровский край,2013,9600.0,-1.4036344,26.585129,51.6312684,136.121524
Хабаровский край,2014,19300.0,-1.0480169,19.382957,51.6312684,136.121524
Хабаровский край,2015,15000.0,-0.4687004,27.48788,51.6312684,136.121524
Хабаровский край,2016,11900.0,-1.7552122,20.21202,51.6312684,136.121524
Хабаровский край,2017,16800.0,-0.6070862,23.230127,51.6312684,136.121524
Хабаровский край,2018,19100.0,-1.1412786,23.198183,51.6312684,136.121524
Хабаровский край,2019,9300.0,-0.98062134,24.244482,51.6312684,136.121524
Хабаровский край,2020,16700.0,-0.901591,21.094585,51.6312684,136.121524
Хабаровский край,2021,16400.0,-0.56095,25.934858,51.6312684,136.121524
Хабаровский край,2022,16400.0,-0.2686844,23.067057,51.6312684,136.121524
Хабаровский край,2023,14600.0,-0.48610052,9.307161,51.6312684,136.121524
Челябинская область,2006,2114650.0,3.2460377,19.304184,54.4223954,61.1865846
Челябинская область,2007,1880100.0,4.060262,14.905271,54.4223954,61.1865846
Челябинская область,2008,1688020.0,4.855784,14.513799,54.4223954,61.1865846
Челябинская область,2009,1453455.6,3.6909637,13.958397,54.4223954,61.1865846
Челябинская область,2010,691800.0,3.4802208,11.951141,54.4223954,61.1865846
Челябинская область,2011,2218900.0,2.5150833,17.570341,54.4223954,61.1865846
Челябинская область,2012,688700.0,4.3079324,11.943885,54.4223954,61.1865846
Челябинская область,2013,1031400.0,4.3051887,18.565569,54.4223954,61.1865846
Челябинская область,2014,1139500.0,3.3085938,17.173733,54.4223954,61.1865846
Челябинская область,2015,1697900.0,4.0531106,16.011387,54.4223954,61.1865846
Челябинская область,2016,1947700.0,3.6193008,14.888432,54.4223954,61.1865846
Челябинская область,2017,2307300.0,3.91863,11.535826,54.4223954,61.1865846
Челябинская область,2018,1850300.0,2.6739895,12.986633,54.4223954,61.1865846
Челябинская область,2019,1777600.0,3.86866,15.075329,54.4223954,61.1865846
Челябинская область,2020,1008100.0,5.7929077,15.947903,54.4223954,61.1865846
Челябинская область,2021,1085400.0,4.2694526,10.959917,54.4223954,61.1865846
Челябинская область,2022,2201700.0,3.648796,11.29036,54.4223954,61.1865846
Челябинская область,2023,2089500.0,5.104233,9.047379,54.4223954,61.1865846
Чеченская Республика,2006,129040.0,12.013127,19.668829,43.4,45.7
Чеченская Республика,2007,131520.0,12.903687,16.071238,43.4,45.7
Чеченская Республика,2008,182340.0,12.311839,17.62227,43.4,45.7
Чеченская Республика,2009,172124.9,12.204799,24.171726,43.4,45.7
Чеченская Республика,2010,125500.0,13.427162,17.990948,43.4,45.7
Чеченская Республика,2011,185000.0,11.291287,19.491331,43.4,45.7
Чеченская Республика,2012,91900.0,12.549957,18.247925,43.4,45.7
Чеченская Республика,2013,193900.0,12.348808,21.302378,43.4,45.7
Чеченская Республика,2014,159500.0,12.521484,18.481035,43.4,45.7
Чеченская Республика,2015,217800.0,12.815155,17.416431,43.4,45.7
Чеченская Республика,2016,306500.0,12.249835,22.27122,43.4,45.7
Чеченская Республика,2017,424100.0,12.9157,15.596128,43.4,45.7
Чеченская Республика,2018,268400.0,13.245929,17.162437,43.4,45.7
Чеченская Республика,2019,177700.0,13.153491,15.69945,43.4,45.7
Чеченская Республика,2020,461200.0,13.312114,14.70671,43.4,45.7
Чеченская Республика,2021,498900.0,12.845299,15.687325,43.4,45.7
Чеченская Республика,2022,517000.0,13.256055,12.483958,43.4,45.7
Чеченская Республика,2023,520100.0,13.588771,7.6933265,43.4,45.7
Чувашская Республика,2006,426030.00000000006,4.199,23.380634,55.4259922,47.0849429
Чувашская Республика,2007,371260.0,5.2943115,23.280495,55.4259922,47.0849429
Чувашская Республика,2008,522770.0,6.241201,22.247948,55.4259922,47.0849429
Чувашская Республика,2009,573014.7,5.2257943,14.679031,55.4259922,47.0849429
Чувашская Республика,2010,127700.0,5.6250787,16.330853,55.4259922,47.0849429
Чувашская Республика,2011,555400.0,4.0871863,25.555948,55.4259922,47.0849429
Чувашская Республика,2012,411900.0,4.863108,24.250156,55.4259922,47.0849429
Чувашская Республика,2013,396200.0,5.642428,25.647839,55.4259922,47.0849429
Чувашская Республика,2014,554200.0,4.8885093,18.335838,55.4259922,47.0849429
Чувашская Республика,2015,555800.0,5.835663,19.563622,55.4259922,47.0849429
Чувашская Республика,2016,609200.0,5.63753,21.252539,55.4259922,47.0849429
Чувашская Республика,2017,698700.0,4.811371,24.605955,55.4259922,47.0849429
Чувашская Республика,2018,632700.0,4.479815,15.8213625,55.4259922,47.0849429
Чувашская Республика,2019,724900.0,5.6188226,17.421762,55.4259922,47.0849429
Чувашская Республика,2020,940500.0,6.1434937,20.316818,55.4259922,47.0849429
Чувашская Республика,2021,555500.0,5.369062,18.280056,55.4259922,47.0849429
Чувашская Республика,2022,1008500.0,5.3429694,19.361238,55.4259922,47.0849429
Чувашская Республика,2023,968600.0,6.1052094,8.436846,55.4259922,47.0849429
Ярославская область,2006,81260.0,4.3384857,25.108297,57.7781976,39.0021095
Ярославская область,2007,91030.0,5.438029,22.7364,57.7781976,39.0021095
Ярославская область,2008,102820.0,5.9453025,23.92415,57.7781976,39.0021095
Ярославская область,2009,102787.6,4.8813934,25.346012,57.7781976,39.0021095
Ярославская область,2010,51000.0,4.6509576,25.208086,57.7781976,39.0021095
Ярославская область,2011,78600.0,5.03787,21.350863,57.7781976,39.0021095
Ярославская область,2012,78600.0,4.084137,27.71768,57.7781976,39.0021095
Ярославская область,2013,60600.0,5.2916794,23.286259,57.7781976,39.0021095
Ярославская область,2014,97100.0,5.6308594,17.465313,57.7781976,39.0021095
Ярославская область,2015,93900.0,5.8073425,21.385319,57.7781976,39.0021095
Ярославская область,2016,85000.0,5.2936172,24.824518,57.7781976,39.0021095
Ярославская область,2017,79800.0,4.6816506,25.249271,57.7781976,39.0021095
Ярославская область,2018,78300.0,4.944496,22.095728,57.7781976,39.0021095
Ярославская область,2019,93400.0,5.9233475,26.857409,57.7781976,39.0021095
Ярославская область,2020,84800.0,6.584574,24.85505,57.7781976,39.0021095
Ярославская область,2021,51600.0,4.8475776,26.365858,57.7781976,39.0021095
Ярославская область,2022,108000.0,5.272982,16.257406,57.7781976,39.0021095
Ярославская область,2023,136600.0,5.4841156,13.658684,57.7781976,39.0021095
